species,category,growth_type,height_m,SLA_mm2_mg.1,seed_dry_mass_mg,upper_slope,lower_slope,ridge_summit,valley_flatland,NA
Pseudostellaria heterophylla,native,herbaceous,0.3881377394148709,0.9353404885832418,-0.7308315534326755,1,1,1,1,1
Osmunda japonica,native,herbaceous,0.02521766614304008,-0.281158209783213,0.5808307386089215,1,1,1,1,0
Artemisia princeps,Aster_native,herbaceous,1.0415077010308444,-1.9714542443570506,-2.0028335966152695,1,1,1,1,1
Carex bostrychostigma,native,herbaceous,-1.1852938811937117,-0.27235431647135844,-0.22631648742590926,1,0,0,1,0
Rubia akane,native,herbaceous,1.4934523219572584,-0.029065380945990083,-0.4384005367919639,1,1,1,1,0
Erigeron annuus,Aster_exotic,herbaceous,0.7123466069243143,-0.02523735771859107,-2.370011035162346,1,1,1,1,0
Viola mandshurica,native,herbaceous,-1.6977498858300197,0.8174972194288891,-0.3231458362685855,1,1,1,1,1
Capsella bursa-pastoris,native,herbaceous,-0.934665764611304,0.40692958189870027,-1.6360966101468604,1,1,1,1,0
Lamium amplexicaule,native,herbaceous,-1.215681832917217,-0.6356855152932618,-0.5624065975585426,1,1,0,1,0
Humulus japonicus,native,herbaceous,1.0354525420497196,-0.41711390704916124,1.7313464486596768,1,1,1,1,1
Potentilla fragarioides,native,herbaceous,-3.2977462840804828,-1.232391748928179,-1.279339951396715,1,1,1,1,0
Ixeridium dentatum,Aster_native,herbaceous,0.9224251940043213,0.07548148536235448,-1.8092989045518935,1,1,1,1,0
Athyrium niponicum,native,herbaceous,0.8241955965605126,-0.048874927665027205,0.050536889884258356,1,1,1,1,0
Athyrium yokoscense,native,herbaceous,0.8241955965605126,-0.048874927665027205,0.050536889884258356,1,1,1,1,1
Artemisia japonica,Aster_native,herbaceous,1.8435951564959772,-1.0978412217438833,-2.108644401564509,1,1,1,1,0
Oplismenus undulatifolius,native,herbaceous,-0.4579415716558357,0.10713778117518724,0.19493043216288358,1,1,1,1,1
Viola verecunda,native,herbaceous,-1.157074892622208,1.2568710540895216,-0.8625047822889422,1,1,1,1,0
Cardamine flexuosa,native,herbaceous,-0.6331236955915093,1.5242791516651946,-1.4521985513010764,1,1,1,1,0
Viola seoulensis,native,herbaceous,-1.157074892622208,1.2568710540895216,-0.8625047822889422,1,0,0,0,0
Stellaria aquatica,native,herbaceous,0.12300794207273738,2.1819576996606393,-1.3185682460636992,1,1,1,1,0
Dryopteris chinensis,native,herbaceous,0.35155624198463553,-0.01293815160738312,0.025077344533973398,1,1,1,1,1
Polygonum senticosum,native,herbaceous,0.6419598899661227,0.9881508851744872,0.8353063293033954,1,1,1,1,0
Commelina communis,native,herbaceous,0.45680911368048305,-0.20873529408357133,1.2234163724276184,1,1,1,1,1
Polygonum hydropiper,native,herbaceous,0.6459722031822899,1.3861104608124513,0.29499468334133894,1,1,1,1,1
Metaplexis japonica,native,herbaceous,2.27651848051167,-0.14020305541575392,-0.6332149512909748,1,1,1,1,0
Equisetum arvense,native,herbaceous,-0.7843387122117373,-1.8980830710771088,0.25985217009716743,1,1,1,1,0
Erigeron philadelphicus,Aster_exotic,herbaceous,0.9949325855893388,0.2803127144104557,-2.1536236428178586,1,0,1,0,0
Lactuca scariola,Aster_exotic,herbaceous,1.155838333910912,-1.0970796881505556,-0.583850023368153,1,1,1,0,0
Conyza canadensis,Aster_exotic,herbaceous,0.26224099587166044,-0.6482727403315286,-2.120405696603834,1,1,1,1,0
Aster subulatus,Aster_exotic,herbaceous,0.9547829856083144,-3.0850729340125165,-1.5018000931420195,1,1,1,0,0
Dioscorea japonica,native,herbaceous,-0.33619929943649374,1.1136560620224114,1.3016214149352168,1,1,1,1,0
Xanthium strumarium,Aster_exotic,herbaceous,0.7119535372520187,-1.442655039213389,2.765507848912736,1,1,1,1,0
Achyranthes japonica,native,herbaceous,0.12705063894306484,0.310424380043969,0.30851710694538764,1,1,1,1,0
Solanum lyratum,native,herbaceous,1.2921390849442203,-0.05484513680458454,-0.21995882038198278,1,1,1,1,0
Leonurus japonicus,native,herbaceous,1.233424001656321,-0.8857285638818803,-0.22409948982640449,1,1,0,1,0
Lespedeza cuneata,native,herbaceous,0.4150701579431078,-0.7471014118820689,0.16894983845640102,1,1,1,1,0
Artemisia keiskeana,Aster_native,herbaceous,1.54250486366345,-0.976115210155535,-2.1382011998852515,1,1,1,1,0
Arabis glabra,native,herbaceous,0.6585756264933694,0.12415121718948723,-1.9242670459270328,1,1,1,0,0
Athyrium vidalii,native,herbaceous,0.8241955965605126,-0.048874927665027205,0.050536889884258356,1,1,1,1,0
Dioscorea opposita,native,herbaceous,-0.5353407604880573,1.0551783978217368,0.9035059537149257,1,1,1,1,0
Setaria viridis,native,herbaceous,0.16191303926274347,0.34470461283597587,-0.09726182377701495,1,1,1,1,1
Crepidiastrum denticulatum,Aster_native,herbaceous,1.233424001656321,0.7330077078846585,-1.3059675461270503,1,1,1,1,0
Taraxacum platycarpum,Aster_native,herbaceous,0.9927348566241484,0.05857958624119244,-1.5526108346474279,1,1,1,1,0
Ambrosia trifida,Aster_exotic,herbaceous,1.3727433779333225,-0.35512135394203803,1.4600659588148988,1,1,0,1,0
Bidens frondosa,Aster_exotic,herbaceous,0.5751522903718554,0.5546770771560869,0.5577739346685229,1,1,0,1,0
Eupatorium lindleyanum,Aster_native,herbaceous,1.3981189755832795,-2.806405276883894,-2.137047287519376,1,0,0,1,0
Polygonum thunbergii,native,herbaceous,0.4646992592751993,1.5755947649262025,1.1803233106758064,1,1,1,1,0
Kyllinga brevifolia,native,herbaceous,-0.4971516517388048,-0.08216143730200533,-0.8512656844430748,1,0,0,0,0
Paspalum thunbergii,native,herbaceous,0.06259386840753614,0.1126844480958124,0.039590531598911405,1,1,0,0,0
Thelypteris palustris,native,herbaceous,0.5975679105809749,0.3995069750529863,-0.025125948553065727,1,1,1,1,1
Asparagus schoberioides,native,herbaceous,-0.40821711893445767,-0.4841966382285447,2.094343436076169,1,1,1,1,0
Polygonum aviculare,native,herbaceous,-0.005560693546542993,-0.6536958736800627,0.16359079485888342,1,0,0,0,0
Justicia procumbens,native,herbaceous,-0.24870349781057288,-0.610253958954511,-0.9408151789691497,1,1,1,0,0
Plantago asiatica,native,herbaceous,-3.1730943102422615,-0.01095433610055661,-0.5224270366215602,1,1,1,1,0
Erechtites hieraciifolius,Aster_exotic,herbaceous,0.40189449523454507,0.3569587085577337,-0.9343381303588161,1,1,1,0,0
Duchesnea chrysantha,native,herbaceous,-0.7885024728073208,1.0397798822910067,0.9059446496300327,1,1,1,1,0
Echinochloa crus-galli,native,herbaceous,0.6312075816694966,0.5280112907541716,0.24046526503982676,1,1,1,1,0
Hydrocotyle sibthorpioides,native,herbaceous,-0.23813788144210377,1.313079391174693,-1.0367117146242955,1,1,1,0,0
Eragrostis ferruginea,native,herbaceous,0.48069988619681964,-1.0031368792150992,-0.9179942264106193,1,1,1,1,0
Cyperus microiria,native,herbaceous,-1.2019294352516474,0.08907455570392495,-1.354544252792128,1,0,0,1,0
Eleusine indica,native,herbaceous,-0.7333038555323119,-1.0320870429241165,-0.8015331934769149,0,1,0,1,0
Sigesbeckia pubescens,Aster_native,herbaceous,2.366273049970105,-3.1363434200334352,-0.4173588835849951,1,0,0,1,0
Setaria glauca,native,herbaceous,0.11044538106995279,0.11639041308164624,0.0017953709135068183,1,0,0,0,0
Glycine soja,native,herbaceous,-0.9809937376257841,0.7054061590966184,3.3575908502959715,1,1,1,1,0
Polygonum lapathifolium,native,herbaceous,0.5719986118789,1.0927896815244782,0.7810374554573115,1,1,0,1,0
Smilax nipponica,native,herbaceous,-0.5625427572425317,0.7218921040261497,2.094908086076993,1,1,1,1,1
Eupatorium japonicum,Aster_native,herbaceous,1.3981189755832795,-2.806405276883894,-2.137047287519376,1,1,1,1,0
Sedum sarmentosum,native,herbaceous,-1.0528345112081725,1.0244804649985082,-0.9176905752796508,1,1,0,1,0
Deparia pterorachis,native,herbaceous,0.8477381114900132,-0.056034497268884285,0.054352682995334904,1,1,0,1,0
Agrimonia pilosa,native,herbaceous,0.4646992592751993,1.069634283536088,1.698906262273044,1,1,1,1,1
Bidens tripartita,Aster_native,herbaceous,0.7312995507368285,1.0096645840940994,0.3875546939593874,1,1,0,1,0
Dictamnus dasycarpus,native,herbaceous,0.7100522518041344,-0.510716313610519,1.6934243979951864,1,1,1,1,1
Atractylodes ovata,Aster_native,herbaceous,1.2697041208752708,-0.7784192558498442,0.4487959278885566,1,1,1,1,0
Spodiopogon sibiricus,native,herbaceous,0.4061188905941239,-1.314711265445047,-0.05808327268899843,1,1,1,1,0
Sanguisorba officinalis,native,herbaceous,0.06332604782798998,-0.8219533017023105,0.3834988994575709,1,1,1,1,0
Isodon japonicus,native,herbaceous,1.2852138294386826,-0.9802046379415643,-0.7863839815124551,1,1,1,1,0
Lespedeza pilosa,native,herbaceous,0.11677703664630458,-1.4330266685764328,0.36498211206796466,1,1,0,0,0
Carex siderosticta,native,herbaceous,-1.3331257399445942,1.3340155180803528,-0.546049374459218,1,1,1,1,1
Smilax riparia,native,herbaceous,-0.5625427572425317,0.7218921040261497,2.370714279626399,1,1,1,1,0
Erigeron strigosus,Aster_exotic,herbaceous,0.33838283551189396,-1.2427058575278882,-2.580625778875117,1,0,0,0,0
Pyrola japonica,native,herbaceous,-1.6214896984354987,0.3514148373446397,-3.8623278038268722,1,1,1,1,1
Chimaphila japonica,native,herbaceous,-0.8976667436507386,0.3398559894969273,-2.197149582959126,1,1,1,0,0
Carex lanceolata,native,herbaceous,-0.9455409424374991,-2.0161510400916365,0.11889360230871146,1,1,1,1,1
Isodon excisus,native,herbaceous,1.8435951564959772,-1.097806681533302,-0.6304661616266977,1,1,1,1,0
Sophora flavescens,native,herbaceous,3.655414377732448,-1.8003146133918955,2.2637291176136034,1,1,1,1,0
Cephalanthera longibracteata,native,herbaceous,-0.24267899994461048,-0.23020253551940892,1.0983931145563512,1,1,1,1,1
Sedum kamtschaticum,native,herbaceous,-1.1885663744198056,1.1963923383836161,-1.0669689350556533,1,1,1,1,0
Miscanthus sinensis,native,herbaceous,1.8674824395005674,-1.894189287908758,-0.42177974644268945,1,1,1,1,0
Saussurea grandifolia,Aster_native,herbaceous,1.1122052448853952,-0.7348022500324384,0.4677695249106689,1,1,1,1,0
Lysimachia barystachys,native,herbaceous,-0.5117320780849736,0.47977668334124146,-1.3749298324230068,1,1,1,1,0
Hypericum ascyron,native,herbaceous,-1.014296178488257,1.1757923594548678,-1.5663271054578747,1,1,1,1,0
Adenophora grandiflora,native,herbaceous,-1.1261180255995296,0.734042819061713,-0.6999526997732675,1,1,0,0,0
Clintonia udensis,native,herbaceous,-0.5712921366107313,0.7338527451797793,1.610796244201371,1,0,0,0,0
Ranunculus japonicus,native,herbaceous,-1.1908965054599832,0.6602205696397971,0.5026598160559765,1,0,0,1,0
Calamagrostis arundinacea,native,herbaceous,0.7893120221454502,-1.760665005793769,-0.7633201577661145,1,1,1,1,0
Platycodon grandiflorus,native,herbaceous,-3.1546579079578403,-1.1195636128311297,-0.23587711165051273,1,1,1,1,0
Arundinella hirta,native,herbaceous,0.2635868247143526,-0.3115302877876146,0.03165292322326209,1,1,1,1,1
Geranium sibiricum,native,herbaceous,-0.3464189127448284,0.3094498963326766,0.5610488354246483,1,1,0,1,0
Patrinia villosa,native,herbaceous,-0.7300036338789596,0.9532260398662719,-0.2776346549612878,1,1,1,1,0
Aster scaber,Aster_native,herbaceous,1.4650221163641022,0.5713503116419357,-1.307580356547247,1,1,1,1,1
Silene firma,native,herbaceous,0.8976225832908923,0.8191681733008521,-1.125768378401995,1,1,1,1,0
Viola orientalis,native,herbaceous,-1.8449519467351505,0.7891533893687245,0.11810970256611886,1,1,1,1,0
Melica onoei,native,herbaceous,0.2485988182690826,-1.787085290668612,-0.1019023448596713,1,1,1,1,0
Saussurea gracilis,Aster_native,herbaceous,1.1122052448853952,-0.7348022500324384,0.4677695249106689,1,1,1,1,0
Disporum smilacinum,native,herbaceous,-0.5545649434404727,0.7155728471706096,1.8710277429724973,1,1,1,1,1
Spodiopogon cotulifer,native,herbaceous,0.4061188905941239,-1.314711265445047,-0.06084687257941856,1,1,1,1,0
Peucedanum terebinthaceum,native,herbaceous,0.08362225352122861,1.0837573994526735,0.5533282963996511,1,1,1,1,0
Vicia amoena,native,herbaceous,-0.4728566320981671,0.8918268483837564,2.012044984227532,1,1,1,1,0
Asarum sieboldii,native,herbaceous,-0.6596957208085784,1.3053220390924642,0.5154193667611662,1,1,1,1,0
Isodon inflexus,native,herbaceous,1.8435951564959772,-0.9591138216821355,-0.3306551373164287,1,1,1,1,1
Pseudostellaria monantha,native,herbaceous,0.3881377394148709,0.9353404885832418,-0.7308315534326755,1,0,0,0,0
Lysimachia clethroides,native,herbaceous,-0.14547189556445675,0.44986255705764455,-0.9814889139323991,1,1,1,1,1
Viola selkirkii,native,herbaceous,-2.231660853275155,0.8941067718769358,-0.5167775270654257,1,1,1,1,0
Thalictrum filamentosum,native,herbaceous,-0.29871593243258393,0.21887803152764834,0.3861261215529918,1,1,1,1,0
Cymbidium goeringii,native,herbaceous,-0.34201809780964454,-0.2466684598880435,1.1460239393695484,1,1,1,1,0
Dioscorea quinqueloba,native,herbaceous,-0.33619929943649374,1.1136560620224114,1.3016214149352168,1,1,1,1,0
Ainsliaea acerifolia,Aster_native,herbaceous,0.9175720215143416,-0.7598819323823237,0.1980724080970776,1,1,1,1,1
Artemisia stolonifera,Aster_native,herbaceous,1.1718030672976474,-1.9637386592383057,-1.9801050557336592,1,1,1,1,0
Lactuca raddeana,Aster_native,herbaceous,1.5134773204010301,-0.6760693758360408,-0.4168806238153225,1,1,1,1,0
Syneilesis palmata,Aster_native,herbaceous,0.5993562814891034,0.47248265043156584,-0.11893338603038446,1,1,1,1,0
Galium trifloriforme,native,herbaceous,0.6638666196452165,0.15027594834177446,-0.7515624660486039,1,1,0,1,0
Pseudostellaria palibiniana,native,herbaceous,0.3881377394148709,0.9353404885832418,-0.7308315534326755,1,1,1,1,0
Convallaria keiskei,native,herbaceous,-0.6536491797594217,-0.454200318329746,2.111466722642597,1,1,1,1,1
Cyrtomium fortunei,native,herbaceous,0.39091972820571,0.07253237333494651,-0.005412060239898335,1,1,1,1,1
Ligularia fischeri,Aster_native,herbaceous,0.6914973490071183,0.5066709751615691,0.8686416244463807,1,1,1,1,0
Cayratia japonica,native,herbaceous,-0.28859612361595244,0.698519684130819,1.7421806775359594,1,1,1,1,1
Fallopia japonica,native,herbaceous,1.1343579627768907,0.5991932045816113,0.14776247526314934,0,1,0,0,0
Viola acuminata,native,herbaceous,-1.1624305694664145,1.8549351779903718,-0.8637865376178089,1,1,1,1,1
Vicia unijuga,native,herbaceous,-0.7845329418826422,1.5651295844753654,1.3207263305450523,1,1,1,1,0
Polystichum tripteron,native,herbaceous,0.39091972820571,0.07253237333494651,-0.005412060239898335,1,1,1,1,1
Impatiens textori,native,herbaceous,-0.28122907316558815,0.4503959820422787,0.9313560834691816,1,1,1,1,0
Polygonum filiforme,native,herbaceous,0.5026484434854248,0.9645515322858018,0.32521894153850117,1,1,1,1,0
Viola collina,native,herbaceous,-2.454745747350162,0.8036293686363689,0.5231490871835482,1,1,1,1,1
Boehmeria platanifolia,native,herbaceous,-0.8896935143663838,1.1351982739299928,0.9215640915995765,1,1,1,1,0
Lilium tsingtauense,native,herbaceous,-0.5712921366107313,0.703786382921999,1.811586475120913,1,1,1,1,0
Desmodium oldhamii,native,herbaceous,-0.7863237628193265,0.9687822791520971,0.6915207275270117,0,1,0,1,0
Boehmeria tricuspis,native,herbaceous,-0.8896935143663838,1.1351982739299928,0.9215640915995765,1,1,1,1,1
Polygonum sagittatum,native,herbaceous,0.8046024847501582,1.1331696467629646,0.6145047452560422,1,1,1,1,0
Hypericum erectum,native,herbaceous,-1.069615702301552,1.0817637058432352,-2.1511163924847354,1,1,1,1,0
Geum aleppicum,native,herbaceous,-0.14547189556445675,-0.6301579324483918,-0.05760550539660495,1,1,1,1,0
Angelica decursiva,native,herbaceous,0.1336373018650388,0.6076401267883288,0.6093479747360295,1,1,1,1,0
Heracleum moellendorffii,native,herbaceous,0.1947007209060876,0.5672200833739516,0.6585500816297907,1,1,0,1,0
Viola rossii,native,herbaceous,-1.8301550378407399,0.916689337497163,-0.20427575173638665,1,1,1,1,1
Hemerocallis dumortieri,native,herbaceous,-0.4211532252661281,-0.13442883470309808,1.2186804778196485,1,1,1,1,0
Sasa borealis,native,herbaceous,2.672992252612962,-1.9729885068803443,-0.5551440442500352,1,1,1,1,0
Heloniopsis koreana,native,herbaceous,-0.628671078984233,0.7140467961826623,1.8895690809994874,1,1,1,1,0
Meehania urticifolia,native,herbaceous,-0.7856778000069573,-0.5222869241634841,-0.6111939190502391,1,1,1,1,0
Synurus deltoides,Aster_native,herbaceous,1.5077937381305484,-0.7082971230682155,0.7905619777516166,1,1,1,1,0
Polygonum nepalense,native,herbaceous,0.5799756676683208,1.04328549509762,0.8682248167648839,1,1,0,0,0
Nepeta cataria,native,herbaceous,0.6439893505507891,-2.217842547448722,-0.6089560499675243,1,1,0,1,0
Viola patrinii,native,herbaceous,-1.6550532051606297,0.7924400117040054,-0.22781933151738018,0,1,0,0,0
Dryopteris varia,native,herbaceous,0.35155624198463553,-0.01293815160738312,0.025077344533973398,1,1,1,1,1
Deparia pycnosora,native,herbaceous,0.8477381114900132,-0.056034497268884285,0.054352682995334904,1,1,1,1,0
Veratrum patulum,native,herbaceous,-0.5625427572425317,0.7218921040261497,1.9991841678693505,1,1,0,1,0
Corydalis speciosa,native,herbaceous,-0.4686665991249492,0.5650800772665899,0.3611827516631862,1,1,1,1,0
Carpesium abrotanoides,Aster_native,herbaceous,0.19032952280097182,0.15810522723243822,-0.8558794385648246,1,1,1,1,0
Cardamine impatiens,native,herbaceous,0.08857011815915473,0.8057508747513004,-1.223108179613759,1,1,1,1,0
Microstegium vimineum,native,herbaceous,1.4037813126888978,-1.8513373642110114,-0.714559166306872,1,1,1,1,0
Eupatorium tripartitum,Aster_native,herbaceous,1.3981189755832795,-2.806405276883894,-2.137047287519376,1,1,0,1,0
Codonopsis lanceolata,native,herbaceous,-1.2346043175820671,-0.1696849291282778,-0.4513158712120604,1,1,1,1,0
Disporum viridescens,native,herbaceous,-0.5545649434404727,0.7155728471706096,1.8710277429724973,1,1,1,1,0
Youngia japonica,Aster_native,herbaceous,0.9224251940043213,0.05722926460979792,-1.9427811988308412,1,1,0,1,0
Dryopteris sacrosancta,native,herbaceous,0.35155624198463553,-0.01293815160738312,0.025077344533973398,1,1,1,1,0
Liriope spicata,native,herbaceous,-0.6536491797594217,-0.454200318329746,2.19634821984203,1,1,1,1,0
Hosta capitata,native,herbaceous,-0.5297660936142222,-0.5079215658016077,0.7385353235253155,1,1,1,1,0
Trigonotis peduncularis,native,herbaceous,0.267452011089792,-0.01384932526995946,-0.5668939666866741,1,1,1,1,0
Torilis japonica,native,herbaceous,0.44560052856871574,-0.09151367414206169,0.23804740957492265,1,1,1,1,0
Davallia mariesii,native,herbaceous,0.7085467198529328,0.007751238648575978,0.013387125726100287,1,1,1,0,0
Sedum bulbiferum,native,herbaceous,-1.0612559858249226,1.0910458623048898,-0.9555761856305933,0,1,0,0,0
Cleistogenes hackelii,native,herbaceous,-0.020444213704161437,-0.9696811852223708,-0.7198924092912913,1,1,1,1,0
Cynanchum wilfordii,native,herbaceous,1.477604545777825,-0.039838847568059804,-1.1614245659288323,1,1,0,1,0
Thalictrum minus,native,herbaceous,0.45857978003242444,-1.0201497445433978,0.1704211136439398,1,1,0,0,0
Leibnitzia anandria,Aster_native,herbaceous,1.134399144889661,-0.7365296639827816,0.2964770716631109,1,1,1,0,0
Iris rossii,native,herbaceous,-0.13406433536006346,-0.19911568112992922,1.1906131732453367,1,1,1,1,0
Potentilla freyniana,native,herbaceous,-1.9249248921418354,-1.2036858989476653,-1.2168015724460672,1,1,1,1,0
Cynanchum paniculatum,native,herbaceous,1.477604545777825,-0.039838847568059804,-1.1614245659288323,1,1,1,1,0
Asplenium incisum,native,herbaceous,0.5848999722991846,-0.07395906705980344,0.24132193162336377,1,1,1,1,0
Viola keiskei,native,herbaceous,-1.8449519467351505,0.7891533893687245,0.11810970256611886,1,1,1,1,0
Dioscorea nipponica,native,herbaceous,-0.38032132159581933,2.118546302429135,1.222147297530732,1,1,1,1,0
Aster ageratoides,Aster_native,herbaceous,3.1699242873356672,-3.5003879530261033,-0.2168247030580178,1,1,1,1,0
Veratrum versicolor,native,herbaceous,-0.5625427572425317,0.7218921040261497,2.00199383275066,1,1,0,1,0
Pimpinella brachycarpa,native,herbaceous,0.3720108610901758,0.38108146403834997,0.7588119699929301,1,1,1,1,0
Vicia chosenensis,native,herbaceous,-0.7253467913639228,1.0865815938440597,1.2070715718044132,1,1,1,1,0
Lespedeza davurica,native,herbaceous,0.5914953426331269,-1.7335187707875854,1.1650383671798206,1,0,1,0,0
Fallopia dumetorum,native,herbaceous,2.202924743860751,0.5207150498254557,0.6140208288294978,1,1,1,1,0
Berteroella maximowiczii,native,herbaceous,0.025463932415217626,0.4273635767020451,-0.7472896263467275,1,1,0,1,0
Agropyron ciliare,native,herbaceous,-0.6069788269106492,-2.123284363636915,0.3576223274329111,1,0,0,0,0
Galium pogonanthum,native,herbaceous,0.5500218024332668,0.16426244119423852,-1.1662896755050602,1,1,1,1,0
Galium dahuricum,native,herbaceous,0.596382333618901,0.17461436609770037,-0.9917880179268362,1,1,1,1,0
Hemerocallis minor,native,herbaceous,-0.4448326560330754,-0.18526312101341733,1.150234574397693,1,1,1,1,0
Anaphalis sinica,Aster_native,herbaceous,0.37005910548523063,0.2080658824972477,-1.9673241110965511,1,0,0,0,0
Potentilla yokusaiana,native,herbaceous,-2.043559753185769,-1.232391748928179,-1.3041645568637243,1,0,0,0,0
Dioscorea septemloba,native,herbaceous,-0.38587574838410216,1.5052789958258106,1.3607030144652155,1,1,1,1,1
Viola yedoensis,native,herbaceous,-1.157074892622208,1.2568710540895216,-0.8625047822889422,1,1,0,1,0
Campanula punctata,native,herbaceous,-1.2852402065350952,-0.13478053602672604,-0.44648487610301074,1,1,1,1,0
Allium sacculiferum,native,herbaceous,-0.5314311330677032,-0.4660718545232939,0.6978058088578839,1,1,1,0,0
Pseudolysimachion pyrethrinum,native,herbaceous,-0.6438867910412956,0.045122868190839334,-0.8318016456001524,1,0,0,0,0
Carpesium cernuum,Aster_native,herbaceous,0.19032952280097182,0.17572955066284668,-0.39664939233645174,1,1,0,0,0
Viola variegata,native,herbaceous,-1.5855345547763426,0.9303833039127654,-0.284789512292809,1,1,1,1,0
Lilium amabile,native,herbaceous,-0.5712921366107313,0.703786382921999,1.811586475120913,1,1,1,1,0
Ambrosia artemisiifolia,Aster_exotic,herbaceous,0.10604849725139268,-1.7011997093287137,2.3102773503342413,1,1,1,1,1
Carex breviculmis,native,herbaceous,-3.072304199650679,0.19866668353690028,-0.48221655047809175,1,1,1,1,0
Hemerocallis hakuunensis,native,herbaceous,-0.4448326560330754,-0.18526312101341733,1.150234574397693,1,1,1,1,0
Swertia scabra,native,herbaceous,1.477604545777825,-0.039838847568059804,-1.202071495365244,1,1,1,0,0
Swertia pseudochensis,native,herbaceous,1.3025643688347295,-0.03363251294076107,-2.3869603293037325,1,1,0,0,0
Zoysia japonica,native,herbaceous,0.5429338749233219,-1.1751251937754954,-0.8374943930348256,1,1,0,1,0
Festuca parvigluma,native,herbaceous,0.05191192013491014,-1.7569464173025526,-0.19896072704743437,1,1,0,1,0
Conyza sumatrensis,Aster_exotic,herbaceous,0.7866424469712887,-1.2831160502713388,-1.596073380562845,0,1,0,0,0
Arenaria serpyllifolia,native,herbaceous,-1.6844150451955509,-0.8324013109728868,-1.9902874150918024,0,1,0,1,0
Cardamine fallax,native,herbaceous,-1.6467821800511977,1.109558444655017,-1.7881768830544786,0,1,0,1,0
Prunella asiatica,native,herbaceous,-1.8128405663652358,-0.046308281869965294,-0.3407250351203883,1,1,0,1,0
Agrimonia coreana,native,herbaceous,0.21097232030525537,-0.40898047940775356,0.5808590369187577,1,1,1,1,0
Lilium callosum,native,herbaceous,-0.5712921366107313,0.703786382921999,1.811586475120913,1,1,0,0,0
Scilla scilloides,native,herbaceous,-0.5534689500327341,-0.48442226236484043,0.514387115122847,1,1,1,1,0
Cephalanthera erecta,native,herbaceous,-0.2696426010701141,-0.13058488110274558,1.151694804867597,1,1,1,1,0
Mosla punctulata,native,herbaceous,0.27566346842817147,-0.7746288025103776,-1.049165086147737,1,1,1,0,1
Bidens bipinnata,Aster_native,herbaceous,0.5851529071995133,2.598272931823057,0.5193792210264626,1,1,1,1,0
Boehmeria longispica,native,herbaceous,-0.8896935143663838,1.1351982739299928,0.9215640915995765,1,1,0,1,0
Elsholtzia ciliata,native,herbaceous,-0.2425938012147211,-0.748697026184276,-1.232581842967589,1,1,1,1,0
Melica scabrosa,native,herbaceous,0.1536596694300282,-1.852710326558739,-0.10963993760170827,0,1,1,1,0
Rhaponticum uniflorum,Aster_native,herbaceous,1.304403699750429,-0.8025049660985505,0.4487959278885566,1,1,0,0,0
Corchoropsis psilocarpa,native,herbaceous,0.1426451447624541,0.1856733998464069,0.28079308494968647,1,0,1,0,0
Pinellia ternata,native,herbaceous,-0.2636369847333212,0.9505710626892163,1.457750216527155,1,1,1,1,0
Polygala japonica,native,herbaceous,0.11518503158409318,0.490286156864547,0.505177668263013,0,1,0,0,0
Asparagus oligoclonos,native,herbaceous,-0.40821711893445767,-0.4841966382285447,2.094343436076169,1,0,0,1,0
Festuca ovina,native,herbaceous,-0.4458384505083671,-1.295710706492263,-0.11941995093412071,1,1,1,1,0
Artemisia capillaris,Aster_native,herbaceous,1.4721858573293618,-1.0984193430502684,-2.1717588741082836,1,1,1,0,0
Bromus japonicus,native,herbaceous,-0.3967586268384924,-3.2833824586144496,0.5090286107412306,1,1,1,1,0
Potentilla chinensis,native,herbaceous,-1.5466081425884692,-1.8009507145154544,-1.0703848360726238,1,0,1,0,0
Stipa pekinensis,native,herbaceous,1.2502618017107905,-1.8411178238747035,-0.5608683682972398,1,1,1,1,0
Botrychium ternatum,native,herbaceous,-0.45655574020347534,0.3605020074642256,0.6053992804693007,1,1,1,1,1
Polygonum posumbu,native,herbaceous,0.5264132650617073,0.8428432420862423,0.10082909827746686,1,1,0,1,0
Lespedeza tomentosa,native,herbaceous,0.461725268741407,-2.2509013976931596,0.2484840308182552,0,1,0,0,0
Dryopteris bissetiana,native,herbaceous,0.35155624198463553,-0.01293815160738312,0.025077344533973398,1,1,0,1,0
Asperula maximowiczii,native,herbaceous,1.2672874030177086,-0.00147016510146114,-0.23691157130438842,1,1,1,1,0
Liriope platyphylla,native,herbaceous,-1.597602415430908,-0.4701830662566464,1.2928391452116768,1,1,1,1,0
Polygonatum involucratum,native,herbaceous,-0.7576643362827091,-0.5123181970594081,1.6835700142815844,1,1,1,1,0
Artemisia montana,Aster_native,herbaceous,1.1718030672976474,-1.9637386592383057,-1.9801050557336592,1,1,1,1,0
Dioscorea tokoro,native,herbaceous,-0.38587574838410216,1.5052789958258106,1.4396886015830272,1,1,1,1,0
Arisaema heterophyllum,native,herbaceous,-0.282335074633851,0.9483374835082067,1.533435581685932,1,1,1,1,0
Chloranthus japonicus,native,herbaceous,-0.5770425858423591,2.080849747108378,0.17147997418531144,1,1,1,1,1
Carex okamotoi,native,herbaceous,-1.3721414086475545,0.500085673288878,-0.45630786796102757,1,1,1,1,0
Agastache rugosa,native,herbaceous,-0.8229593302354768,-0.48023155009613455,-0.7609606157869214,1,1,1,1,0
Muhlenbergia japonica,native,herbaceous,-0.020444213704161437,-0.9696811852223708,-0.7198924092912913,0,1,0,0,0
Artemisia feddei,Aster_native,herbaceous,1.3113627675577975,-2.1364599246363207,-2.1082296290145193,1,1,0,0,0
Carex forficula,native,herbaceous,-1.2656989505252807,-0.7243259893359716,-0.21478220370301124,1,1,0,1,0
Aristolochia contorta,native,herbaceous,-0.6596957208085784,1.3075823707857483,0.478726334893147,1,1,0,1,0
Deparia conilii,native,herbaceous,0.8477381114900132,-0.056034497268884285,0.054352682995334904,1,1,0,1,0
Sasa japonica,native,herbaceous,3.752536283382711,-2.3080040722484094,-0.6497215671996596,1,1,1,0,0
Chamaecrista nomame,native,herbaceous,0.7967736569640436,-0.13532080420954262,0.8397379433555906,0,1,1,1,0
Melampyrum roseum,native,herbaceous,-1.1885663744198056,-0.6426287139318689,-1.1284084445031133,1,1,1,1,0
Polygonum longisetum,native,herbaceous,0.5395626440551041,1.1117344953278254,0.01826328637380625,1,1,1,1,0
Angelica gigas,native,herbaceous,0.027269085356634047,0.5977288991516245,0.6284226057977302,1,1,1,1,0
Dryopteris erythrosora,native,herbaceous,0.3238105964472211,-0.0022915756318919196,0.025077344533973398,1,1,1,1,1
Phragmites communis,native,herbaceous,2.002881190410068,-2.128830503926387,-1.6651761330336545,1,1,0,1,0
Isachne globosa,native,herbaceous,0.4829751247743819,-0.7099162568580509,-0.4253591991530552,1,1,0,0,0
Moliniopsis japonica,native,herbaceous,0.5817035683857594,-0.5034473309215894,-0.1406303321204796,1,0,1,1,0
Lobelia sessilifolia,native,herbaceous,-1.2075832390205912,-0.22324288283088178,-0.482985748040805,1,0,0,0,0
Scutellaria indica,native,herbaceous,1.25523787968454,-0.9138172860333958,-1.5270493755821115,1,1,1,1,1
Euphorbia esula,native,herbaceous,-0.852388582983269,1.1342133945244475,-0.5609404480181129,1,0,0,0,0
Artemisia sylvatica,Aster_native,herbaceous,1.1718030672976474,-1.9560230741195588,-1.9583872213829423,1,1,1,0,0
Ophiopogon japonicus,native,herbaceous,-0.6536491797594217,-0.454200318329746,2.444391349091597,1,1,1,1,0
Patrinia scabiosifolia,native,herbaceous,-0.7630612618737016,0.9532260398662719,-0.3250154738980301,1,1,1,1,0
Liparis kumokiri,native,herbaceous,-0.32877199267543394,-0.22994527431849154,1.1541105080748684,1,1,1,1,0
Pentarhizidium orientale,native,herbaceous,0.8794266405349452,-0.06260997393060931,0.034145293683559626,1,1,0,1,0
Eupatorium rugosum,Aster_exotic,herbaceous,1.3011029459168735,-3.8566314458872077,-2.482551418878986,1,1,1,1,0
Polygonum praetermissum,native,herbaceous,0.5502983436768839,1.0667070890561428,0.7194003774851551,0,1,0,0,0
Dryopteris crassirhizoma,native,herbaceous,0.35155624198463553,-0.01293815160738312,0.025077344533973398,1,1,1,1,1
Dryopteris parasitica,native,herbaceous,0.35155624198463553,-0.01293815160738312,0.025077344533973398,1,1,0,1,0
Paris verticillata,native,herbaceous,-0.5625427572425317,0.7159494325185085,1.892651671499925,1,1,1,1,0
Carex gifuensis,native,herbaceous,-1.96048128523133,0.19967741118158597,-0.746708077737021,1,1,1,1,0
Phegopteris connectilis,native,herbaceous,0.6889214600452834,0.15677616299959288,-0.050228330853713435,1,1,0,1,0
Erythronium japonicum,native,herbaceous,-0.5712921366107313,0.7313501639935036,1.560823139223027,1,1,1,1,0
Dryopteris lacera,native,herbaceous,0.35155624198463553,-0.01293815160738312,0.025077344533973398,1,1,1,1,1
Lygodium japonicum,native,herbaceous,-0.15588058769554436,-0.05997291950558549,0.563924791887828,1,1,1,1,0
Astragalus membranaceus,native,herbaceous,-0.7053549514892774,1.0797758559515582,1.1310880816308957,1,1,0,0,0
Carex japonica,native,herbaceous,-1.256011629879534,-0.7150245802665096,-0.12683896613606216,1,1,0,1,0
Sanicula chinensis,native,herbaceous,0.19032952280097182,2.518792518886971,0.0959608046025982,1,1,1,1,0
Iris sanguinea,native,herbaceous,-0.1034858706885487,-0.19911568112992922,1.3230439856548242,1,1,1,1,0
Allium thunbergii,native,herbaceous,-0.5314311330677032,-0.4660718545232939,0.6978058088578839,1,1,1,1,0
Elsholtzia splendens,native,herbaceous,0.27566346842817147,-0.7746288025103776,-1.0039076516435212,1,1,1,1,0
Corydalis ochotensis,native,herbaceous,-0.4686665991249492,0.5650800772665899,0.3611827516631862,1,1,0,1,1
Polygonum perfoliatum,native,herbaceous,0.6989342997933785,0.8510610951997502,1.86641098029966,1,1,1,1,0
Arthraxon hispidus,native,herbaceous,0.31607466835191134,-0.4346186942595761,0.016441554717450593,1,1,1,1,0
Mosla dianthera,native,herbaceous,0.27566346842817147,-0.7746288025103776,-1.0159097731215907,1,1,0,0,0
Dioscorea tenuipes,native,herbaceous,-0.38587574838410216,1.5052789958258106,1.4396886015830272,1,1,1,1,0
Chrysosplenium grayanum,native,herbaceous,-1.0528345112081725,1.0354949515901124,-0.9143704706121731,1,1,0,1,0
Breea segetum,Aster_native,herbaceous,0.9518828300034337,-1.2849287343211824,0.029284728796257698,0,1,1,0,0
Carpesium macrocephalum,Aster_native,herbaceous,0.25666008381266847,0.1953832433501447,-0.9318149748240281,1,1,1,1,0
Swertia squarrosa,native,herbaceous,1.477604545777825,-0.039838847568059804,-1.202071495365244,0,0,1,0,0
Phragmites japonicus,native,herbaceous,0.8556590543067661,-1.3637142004166216,-0.9532865353783756,1,1,1,1,0
Corydalis remota,native,herbaceous,-0.4914558193553067,0.6478430042326999,0.30338365453972305,1,1,1,1,0
Pseudognaphalium affine,Aster_native,herbaceous,0.37005910548523063,0.2080658824972477,-1.9673241110965511,1,1,0,0,0
Sanguisorba hakusanensis,native,herbaceous,0.03585648707172728,-0.8727336523384484,0.025655166155456773,1,1,1,0,0
Hepatica asiatica,native,herbaceous,-2.34269446904743,1.1606982654257036,0.6553901243354403,1,1,1,1,0
Rubia chinensis,native,herbaceous,1.4934523219572584,-0.029065380945990083,-0.4384005367919639,1,1,0,1,0
Crepidiastrum sonchifolium,Aster_native,herbaceous,0.8882420041286733,0.13841286598172237,-1.3436655853293444,1,1,1,1,0
Thelypteris japonica,native,herbaceous,0.6680068025866647,0.15750155137656174,-0.011602467112315381,1,1,1,1,0
Mitchella undulata,native,herbaceous,1.381449353175194,-0.023226421069707306,-1.2478500025762886,1,1,1,0,1
Carex sabynensis,native,herbaceous,-1.3076826978641918,-0.7570563258198544,-0.20914532972212566,1,1,0,1,0
Saussurea seoulensis,Aster_native,herbaceous,1.05867721639794,-0.7549816144544951,0.4612365621946589,1,1,1,1,0
Polygonum pubescens,native,herbaceous,0.5226033357729396,1.008548948519412,0.5531907800217021,1,0,0,0,0
Dicentra spectabilis,native,herbaceous,-0.5201818649136188,0.6601201011127523,0.3104560598117451,1,0,0,1,0
Caulophyllum robustum,native,herbaceous,-0.49300486137738836,0.5817838787663746,0.32060045552927086,1,1,0,1,0
Lilium lancifolium,native,herbaceous,-0.5712921366107313,0.703786382921999,1.811586475120913,1,1,1,1,0
Athyrium sinense,native,herbaceous,0.8241955965605126,-0.048874927665027205,0.050536889884258356,1,1,1,1,0
Salvia chanroenica,native,herbaceous,-0.0033576914677945313,-0.8758216299906071,-0.6952459512717704,1,1,0,0,0
Actaea asiatica,native,herbaceous,-0.30711080829955223,0.25461044627689033,0.46834069396224326,1,1,1,1,0
Galium trachyspermum,native,herbaceous,0.5500218024332668,0.16426244119423852,-1.1662896755050602,1,1,1,1,0
Cimicifuga dahurica,native,herbaceous,-0.4620348003890698,0.3496553123438218,0.33079546655133013,1,1,0,1,0
Dennstaedtia wilfordii,native,herbaceous,-0.20214785999689835,-0.1226448903399502,0.35247782625242313,1,1,0,1,1
Chloranthus fortunei,native,herbaceous,-0.6895823875308759,1.3075823707857483,0.478726334893147,1,0,0,0,1
Arisaema peninsulae,native,herbaceous,-0.22154767393069208,0.9206825268998042,1.8974397927830584,1,1,1,1,0
Aconitum jaluense,native,herbaceous,-0.30711080829955223,0.25461044627689033,0.46834069396224326,1,1,1,1,1
Polygonatum inflatum,native,herbaceous,-0.7576643362827091,-0.5123181970594081,1.6835700142815844,1,1,1,1,0
Asperula odorata,native,herbaceous,1.2672874030177086,-0.00147016510146114,-0.23691157130438842,1,1,0,1,0
Onoclea sensibilis,native,herbaceous,0.8794266405349452,-0.06260997393060931,0.034145293683559626,1,1,1,1,1
Fallopia dentatoalata,native,herbaceous,1.2162863107218476,0.6196073541119543,0.2830395997643796,1,0,0,1,0
Lithospermum erythrorhizon,native,herbaceous,0.3041141116203492,-0.02483211461613406,-0.5871425322419214,1,1,1,1,0
Jeffersonia dubia,native,herbaceous,-0.4551034515805863,0.58373531647926,0.34836940256220483,1,0,0,0,0
Cymopterus melanotilingia,native,herbaceous,0.13825471540442852,0.7336846049834076,0.6476209778151896,1,1,1,1,0
Melica nutans,native,herbaceous,0.1536596694300282,-1.852710326558739,-0.10963993760170827,1,0,0,1,0
Coreanomecon hylomeconoides,native,herbaceous,-0.5304785089467506,0.6563556423455704,0.31942900353314807,1,0,0,1,0
Cynanchum ascyrifolium,native,herbaceous,1.477604545777825,-0.039838847568059804,-1.1614245659288323,1,1,1,1,0
Viola phalacrocarpa,native,herbaceous,-1.6550532051606297,0.7924400117040054,-0.22781933151738018,1,1,0,1,0
Euchiton japonicus,Aster_native,herbaceous,0.40703428726465546,0.1686497854992541,-2.764030539018962,1,1,0,0,0
Hieracium umbellatum,Aster_native,herbaceous,0.10498631261607323,-0.8077747626137884,-0.7543088613893383,1,1,0,0,0
Adenophora remotiflora,native,herbaceous,-1.1261180255995296,0.734042819061713,-0.6999526997732675,1,1,1,1,0
Circaea cordata,native,herbaceous,0.33102314653464343,-0.005266138916127804,0.6084495018546066,1,0,0,1,0
Salvia japonica,native,herbaceous,-0.0033576914677945313,-0.8758216299906071,-0.6952459512717704,1,1,1,0,0
Viola grypoceras,native,herbaceous,-1.903822699045227,0.8579183754900124,0.10413429885710147,1,1,1,1,0
Silene seoulensis,native,herbaceous,0.42440789989756983,0.3427436181089121,-0.718561291149438,1,0,1,0,0
Diarrhena japonica,native,herbaceous,-0.07369848852838226,-1.957620044643404,-0.030229474564715905,1,1,1,1,1
Paeonia obovata,native,herbaceous,-1.0047845970761333,1.0845113069131413,-0.7343908825011708,1,1,0,1,0
Platanthera ussuriensis,native,herbaceous,-0.03649289977038131,-0.22657461996192388,1.2233709558170025,1,0,0,0,0
Lathyrus davidii,native,herbaceous,-0.9042289100517076,1.0722703634901694,1.2025294102928457,1,1,1,1,0
Melampyrum setaceum,native,herbaceous,-0.29102548569427006,-0.661699336140166,-1.1296710445733367,1,0,1,0,0
Leontopodium leontopodioides,Aster_native,herbaceous,0.4166387503062846,0.25101480583038455,-2.045814192618656,0,0,1,0,0
Cardamine amariformis,native,herbaceous,-0.6982474797839678,1.216639319690691,-1.4783300169655489,1,0,0,1,0
Cardamine leucantha,native,herbaceous,-0.8991057740133698,1.003598658573439,-1.3940877659563542,1,1,1,1,0
Carpesium divaricatum,Aster_native,herbaceous,0.3080537311513932,0.2005428191722847,-0.9936736805879899,1,1,0,1,0
Angelica reflexa,native,herbaceous,0.1336373018650388,0.6076401267883288,0.6093479747360295,1,0,0,0,0
Rumex acetosa,native,herbaceous,-0.0023483336723318757,0.12978363152188388,-0.2687352550802151,1,1,0,1,0
Taraxacum officinale,Aster_exotic,herbaceous,0.9927348566241484,0.05857958624119244,-1.5526108346474279,0,1,0,1,0
Aster pilosus,Aster_exotic,herbaceous,1.4991616489310344,-1.83582548287595,-1.1451922700379291,1,1,1,1,0
Pseudostellaria setulosa,native,herbaceous,0.3881377394148709,0.9353404885832418,-0.7308315534326755,1,1,0,1,0
Cuscuta australis,native,herbaceous,1.2213049386003996,-0.0024633776410146304,-0.8475824111141558,0,1,0,0,0
Pilea japonica,native,herbaceous,-0.9769110113555276,1.1413298281527888,0.9851706508733299,1,1,0,1,1
Galinsoga quadriradiata,Aster_exotic,herbaceous,2.366273049970105,-3.1363434200334352,-0.4173588835849951,1,1,0,1,0
Aster yomena,Aster_native,herbaceous,1.5294122115748356,-1.9089539477890405,-1.1451922700379291,1,1,1,1,0
Circaea mollis,native,herbaceous,0.33102314653464343,-0.005266138916127804,0.6084495018546066,1,1,0,1,0
Kummerowia striata,native,herbaceous,-1.3232326789566806,0.9079078440739138,0.2969998744109741,1,0,0,1,0
Corchoropsis tomentosa,native,herbaceous,0.1426451447624541,0.1856733998464069,0.28079308494968647,1,1,0,0,0
Deparia japonica,native,herbaceous,0.8477381114900132,-0.056034497268884285,0.054352682995334904,1,1,1,1,1
Asarum maculatum,native,herbaceous,-0.6596957208085784,1.3053220390924642,0.5154193667611662,1,0,1,1,0
Pseudostellaria davidii,native,herbaceous,0.6552826657279565,0.8354387034794126,-0.7879859078102871,1,1,1,1,0
Polygonatum lasianthum,native,herbaceous,-0.7576643362827091,-0.5123181970594081,1.6835700142815844,1,1,1,1,0
Phaenosperma globosum,native,herbaceous,1.4896171991444327,-1.769749812796018,-0.5376684816668381,1,1,1,0,0
Pinellia tripartita,native,herbaceous,-0.2636369847333212,0.9505710626892163,1.457750216527155,0,0,1,0,0
Dunbaria villosa,native,herbaceous,-0.9042289100517076,1.0722703634901694,1.210741812655138,1,1,0,0,0
Oreorchis patens,native,herbaceous,-0.35988582552855436,-0.2555178594632858,1.1432650128877762,1,1,1,1,0
Pilea peploides,native,herbaceous,-0.9769110113555276,1.1413298281527888,0.9851706508733299,1,1,0,1,0
Pilea mongolica,native,herbaceous,-0.9455547944503672,1.370248956599264,0.4357748162144075,1,1,1,1,0
Dianthus chinensis,native,herbaceous,-0.28154101606818804,0.1332249368969632,-1.2074413809563063,1,1,0,1,0
Dontostemon dentatus,native,herbaceous,-0.05411949116983182,0.5606335340451317,-1.1879027604645611,0,1,0,0,0
Carex neurocarpa,native,herbaceous,-1.365331337177546,0.4040759851385311,-0.31958452265844794,0,1,1,0,0
Polygala tenuifolia,native,herbaceous,0.11518503158409318,0.490286156864547,0.505177668263013,0,1,0,0,0
Euphorbia sieboldiana,native,herbaceous,-0.852388582983269,1.1342133945244475,-0.5609404480181129,1,1,1,1,0
Sium suave,native,herbaceous,0.3452258282022868,0.05655141938611675,0.33723207157344226,1,0,0,0,0
Cimicifuga simplex,native,herbaceous,-0.4620348003890698,0.3496553123438218,0.33079546655133013,1,1,0,1,0
Potentilla discolor,native,herbaceous,-2.043559753185769,-1.232391748928179,-1.3041645568637243,1,0,0,0,0
Asparagus cochinchinensis,native,herbaceous,-0.40821711893445767,-0.4841966382285447,2.094343436076169,1,1,1,1,0
Polystichum polyblepharum,native,herbaceous,0.40807613324192665,0.04757539751190874,0.03552455304556565,1,0,0,1,0
Lophatherum gracile,native,herbaceous,-0.019718066269981658,-0.8255702943232174,-0.6736682045293663,1,1,0,1,0
Eulalia speciosa,native,herbaceous,1.2241550870677986,-1.8673945570357269,-0.5377500304998777,1,1,1,0,0
Allium microdictyon,native,herbaceous,-0.5067822251622759,-0.46422494343058146,0.9111074152406863,1,1,0,0,0
Calamagrostis epigejos,native,herbaceous,0.4848530437934461,-1.820147217756273,-0.38550056860238346,1,1,0,0,0
Adenocaulon himalaicum,Aster_native,herbaceous,1.134399144889661,-0.7365296639827816,0.2964770716631109,1,1,1,1,0
Aster meyendorffii,Aster_native,herbaceous,1.4991616489310344,-1.7992612504194048,-1.1451922700379291,1,1,1,0,0
Petasites japonicus,Aster_native,herbaceous,0.4646992592751993,0.2160323921470219,-2.2337920214490605,1,1,1,1,0
Bothriochloa ischaemum,native,herbaceous,1.2241550870677986,-1.8673945570357269,-0.5377500304998777,1,1,0,1,0
Miscanthus sacchariflorus,native,herbaceous,0.6260010701158256,-2.2062422621586966,-0.14539992141206465,1,1,0,1,0
Melothria japonica,native,herbaceous,0.7321063331928698,-0.06221580838189705,0.6620194527652191,0,0,1,1,0
Xanthium canadense,Aster_exotic,herbaceous,0.7872730444464214,-0.9231631299571184,1.7941329720740458,0,0,0,1,0
Panicum bisulcatum,native,herbaceous,0.11044538106995279,0.11639041308164624,0.0017953709135068183,0,1,0,1,0
Poa sphondylodes,native,herbaceous,0.5483993828818132,-0.5034473309215894,-0.14786319361695055,1,1,1,1,0
Crassocephalum crepidioides,Aster_exotic,herbaceous,0.3970273303285024,0.34372437586991383,-1.4267234393428696,1,1,1,1,0
Arisaema ringens,native,herbaceous,-0.282335074633851,0.9669670151125638,1.5461257535557853,1,1,1,1,1
Glehnia littoralis,native,herbaceous,0.029129961384185454,0.5956422257384362,0.6591600332498581,1,0,0,0,0
Ajuga decumbens,native,herbaceous,1.2610887355065803,-0.9517513093099232,-1.2024859909439325,1,0,0,1,0
Semiaquilegia adoxoides,native,herbaceous,-0.30707399609193037,0.21887803152764834,0.3871603400095668,1,0,0,1,1
Boehmeria pannosa,native,herbaceous,-0.8896935143663838,1.1351982739299928,0.9215640915995765,1,1,0,1,0
Angelica dahurica,native,herbaceous,0.1336373018650388,0.6076401267883288,0.6093479747360295,1,0,0,1,0
Hierochloe odorata,native,herbaceous,0.5817035683857594,-0.5034473309215894,-0.1406303321204796,1,0,0,0,0
Corydalis incisa,native,herbaceous,-0.4686665991249492,0.5650800772665899,0.3611827516631862,1,0,0,1,0
Arachniodes aristatissima,native,herbaceous,0.39091972820571,0.07253237333494651,-0.005412060239898335,1,1,0,1,1
Lysimachia japonica,native,herbaceous,-0.5117320780849736,0.47977668334124146,-1.3749298324230068,1,1,0,0,0
Botrychium japonicum,native,herbaceous,-0.45655574020347534,0.3605020074642256,0.6053992804693007,1,1,0,0,0
Huperzia serrata,native,herbaceous,-0.6263059934779301,1.349428872753885,0.654850130668796,1,1,0,1,1
Athyrium alpestre,native,herbaceous,0.8241955965605126,-0.048874927665027205,0.050536889884258356,1,1,0,1,0
Goodyera rosulacea,native,herbaceous,-0.19735351743089818,-0.13029909108643759,1.2106011119900166,1,0,0,0,0
Pimpinella hallaisanensis,native,herbaceous,0.37479887908436293,0.3821148591227892,0.6643148363887147,1,0,0,0,0
Brachypodium sylvaticum,native,herbaceous,-0.6181993023224154,-2.046563760392508,0.268723562589129,1,0,0,0,0
Calanthe discolor,native,herbaceous,-0.34201809780964454,-0.2466684598880435,1.1432575014533175,1,0,1,1,1
Ainsliaea apiculata,Aster_native,herbaceous,0.9175720215143416,-0.7598819323823237,0.1980724080970776,1,1,0,1,1
Lemmaphyllum microphyllum,native,herbaceous,0.6886464397475314,0.007751238648575978,0.016033094279675652,1,1,0,1,1
Goodyera schlechtendaliana,native,herbaceous,-0.2192432772443643,-0.13029909108643759,1.240348971050118,1,1,0,1,1
Cyclosorus acuminatus,native,herbaceous,0.6927950539561243,0.15677616299959288,-0.050228330853713435,1,1,0,0,0
Cyrtomium falcatum,native,herbaceous,0.39091972820571,0.07253237333494651,-0.005412060239898335,1,0,0,1,0
Polystichum tagawanum,native,herbaceous,0.40807613324192665,0.04757539751190874,0.03552455304556565,1,1,0,0,0
Hydrocotyle maritima,native,herbaceous,-0.213846339134834,1.2500324636824514,-0.6371658304081934,1,0,0,0,0
Dryopteris monticola,native,herbaceous,0.35155624198463553,-0.01293815160738312,0.025077344533973398,1,1,0,1,0
Farfugium japonicum,Aster_native,herbaceous,0.5993562814891034,0.47248265043156584,-0.11893338603038446,1,1,0,1,0
Sasa quelpaertensis,native,herbaceous,2.672992252612962,-1.9729885068803443,-0.5551440442500352,1,1,1,1,1
Gynostemma pentaphyllum,native,herbaceous,0.6364384095126269,0.1926909565220619,0.6017426923995753,1,1,0,1,1
Dryopteris uniformis,native,herbaceous,0.35155624198463553,-0.01293815160738312,0.025077344533973398,1,1,0,1,0
Kirengeshoma koreana,native,herbaceous,-0.25806864649503247,0.25958344897686886,-0.6332722929897692,0,0,0,1,0
Acalypha australis,native,herbaceous,-0.6594391592869802,1.1341937387257663,-0.1843854959344628,1,1,0,1,0
Aconitum pseudolaeve,native,herbaceous,-0.30711080829955223,0.256095159571028,0.43355085136546145,1,1,1,1,0
Hylomecon vernalis,native,herbaceous,-0.5304785089467506,0.6563556423455704,0.31942900353314807,1,1,1,1,0
Scopolia japonica,native,herbaceous,1.1862161957957695,-0.0024633776410146304,-0.8475824111141558,1,1,0,1,0
Hemerocallis thunbergii,native,herbaceous,-0.40072119582613186,-0.11629679817964461,1.2186804778196485,1,0,0,0,0
Geranium thunbergii,native,herbaceous,0.02139907738116358,0.23210231171155532,0.46346398507853287,1,1,0,1,0
Aeschynomene indica,native,herbaceous,1.7397700449658697,-0.5796448155668298,1.2204221728412126,1,0,0,1,0
Corydalis pallida,native,herbaceous,-0.4705303311790525,0.5632671054918109,0.36159644461824564,1,1,1,1,0
Lilium distichum,native,herbaceous,-0.5712921366107313,0.703786382921999,1.811586475120913,1,1,1,1,0
Arachniodes amabilis,native,herbaceous,0.39091972820571,0.07253237333494651,-0.005412060239898335,1,0,1,1,0
Maianthemum bifolium,native,herbaceous,-0.6536491797594217,-0.454200318329746,2.0638115348850867,1,0,0,0,0
Sanicula tuberculata,native,herbaceous,0.023580251942930598,1.5244447862996457,0.08694371492180408,1,1,0,1,0
Hosta minor,native,herbaceous,-0.5297660936142222,-0.5079215658016077,0.7385353235253155,1,1,0,1,0
Impatiens noli-tangere,native,herbaceous,-0.4490004035517039,0.32933411670818147,-0.04033421118884777,1,1,0,1,0
Phlomis umbrosa,native,herbaceous,1.2852138294386826,-0.9802046379415643,-0.7863839815124551,1,1,0,1,0
Polystichum lepidocaulon,native,herbaceous,0.40807613324192665,0.04757539751190874,0.03552455304556565,0,1,0,1,0
Stachys japonica,native,herbaceous,1.254845993587126,-0.9627486957302034,-1.2024859909439325,0,1,0,1,0
Cimicifuga japonica,native,herbaceous,-0.4620348003890698,0.3496553123438218,0.33079546655133013,1,1,0,1,0
Coniogramme intermedia,native,herbaceous,-0.19922179662108577,-0.15463594859928545,0.3561801880188539,1,1,1,1,1
Dimeria ornithopoda,native,herbaceous,0.8973998893119643,-1.4110145321262537,-0.4561150845271364,1,0,0,0,0
Carex maximowiczii,native,herbaceous,-1.3076826978641918,-0.7570563258198544,-0.20914532972212566,1,0,0,0,0
Haloragis micrantha,native,herbaceous,-1.0531714325807608,1.0764531443633987,-0.9550886228351857,1,0,0,0,0
Cynanchum amplexicaule,native,herbaceous,1.477604545777825,-0.039838847568059804,-1.1614245659288323,1,0,0,0,0
Allium taquetii,native,herbaceous,-0.5067822251622759,-0.46422494343058146,0.9111074152406863,1,0,0,0,0
Hydrocotyle ramiflora,native,herbaceous,-0.213846339134834,1.2562313096647497,-0.6294399585089173,1,0,0,0,0
Hypericum laxum,native,herbaceous,-0.9296191062403149,1.1728646635791402,-1.3585244888887822,1,0,0,0,0
Carex planiculmis,native,herbaceous,-1.2565187533293714,-0.808827198722683,-0.166781989914289,1,0,0,0,0
Pennisetum alopecuroides,native,herbaceous,1.0987576971194462,-0.6540038548420524,0.09974501672307284,0,1,0,1,0
Cyperus amuricus,native,herbaceous,-1.2270004435059432,0.12110003483355661,-1.1349427508475354,1,1,1,1,0
Aster tataricus,Aster_native,herbaceous,0.681914535886031,-0.32148539648934105,-1.687540195495698,1,1,1,1,0
Rhynchosia volubilis,native,herbaceous,-0.9076512994650162,1.1039759991900822,1.1842498672788537,1,1,0,1,0
Pollia japonica,native,herbaceous,0.38995786870914406,-0.171403128225114,0.9453380669317988,0,0,0,1,0
Pteris multifida,native,herbaceous,-0.19922179662108577,-0.15463594859928545,0.3561801880188539,0,0,0,1,0
Carduus crispus,Aster_exotic,herbaceous,1.1628834797053023,-0.8447380012135389,0.2705034918793777,1,1,1,0,0
Carex fernaldiana,native,herbaceous,-1.96048128523133,0.19967741118158597,-0.746708077737021,1,0,0,1,0
Scutellaria strigillosa,native,herbaceous,1.254845993587126,-0.9627486957302034,-1.2024859909439325,1,1,0,0,0
Crepidiastrum chelidoniifolium,Aster_native,herbaceous,0.8882420041286733,0.13841286598172237,-1.3436655853293444,1,1,1,1,0
Carex lenta,native,herbaceous,-1.96048128523133,0.19967741118158597,-0.746708077737021,1,0,0,0,0
Angelica cartilaginomarginata,native,herbaceous,0.12151495530148407,0.5952412658461286,0.6449653656390759,1,1,0,0,0
Filipendula glaberrima,native,herbaceous,-0.9406520689800405,1.0091777129405939,0.847290537481207,1,0,0,1,0
Murdannia keisak,native,herbaceous,0.38995786870914406,-0.171403128225114,0.9500381471874744,1,0,0,0,0
Viola albida,native,herbaceous,-1.7716282258216165,0.8582159863530077,-0.20449071373517952,1,1,1,1,0
Carex alterniflora,native,herbaceous,-1.96048128523133,0.19967741118158597,-0.746708077737021,1,0,1,0,0
Saussurea tanakae,Aster_native,herbaceous,1.05867721639794,-0.7549816144544951,0.4612365621946589,1,0,0,0,0
Woodsia polystichoides,native,herbaceous,0.6680068025866647,0.15750155137656174,-0.011602467112315381,1,0,1,1,1
Valeriana fauriei,native,herbaceous,-0.7300036338789596,0.9541973634318868,-0.2776346549612878,1,1,1,1,0
Carex curaica,native,herbaceous,-1.96048128523133,0.19967741118158597,-0.746708077737021,0,0,1,0,0
Viola japonica,native,herbaceous,-1.7716282258216165,0.8582159863530077,-0.20449071373517952,1,1,0,1,0
Polystichum braunii,native,herbaceous,0.40807613324192665,0.04757539751190874,0.03552455304556565,1,1,0,1,0
Adenophora polyantha,native,herbaceous,-1.0856521155461856,0.7561556218639068,-0.6663457019942695,0,1,0,0,0
Selaginella involvens,native,herbaceous,-0.6210777021599769,1.3316698725780567,0.5724193098776081,1,1,0,0,0
Carex aphanolepis,native,herbaceous,-1.256011629879534,-0.7150245802665096,-0.12683896613606216,1,0,0,1,0
Angelica polymorpha,native,herbaceous,0.12151495530148407,0.5952412658461286,0.6476209778151896,1,1,1,1,0
Galium kinuta,native,herbaceous,0.6151844620003906,0.1414908692959694,-0.8869177119818077,1,1,1,1,0
Coreopsis alternifolia,Aster_exotic,herbaceous,0.6742506139371324,0.8392515856335967,0.41066600476682613,0,1,0,0,0
Botrychium robustum,native,herbaceous,-0.45655574020347534,0.3605020074642256,0.6053992804693007,1,0,0,0,0
Cardamine komarovii,native,herbaceous,-0.6982474797839678,1.216639319690691,-1.4783300169655489,1,0,0,1,0
Tetragonia tetragonoides,native,herbaceous,-0.241388410768393,0.15561991092453262,-0.4798969687522717,1,0,0,0,0
Tulipa edulis,native,herbaceous,-0.5712921366107313,0.7313501639935036,1.560823139223027,1,0,0,1,0
Trichosanthes kirilowii,native,herbaceous,0.7321063331928698,-0.06221580838189705,0.6620194527652191,1,1,0,1,1
Plagiogyria euphlebia,native,herbaceous,-0.11834576051873084,-0.14659008217784394,0.5986758776783456,1,0,1,0,0
Polygonum dissitiflorum,native,herbaceous,0.6203729778736565,1.0822408843734728,0.8335990610623923,0,0,0,1,0
Oenanthe javanica,native,herbaceous,0.3452258282022868,0.05655141938611675,0.33723207157344226,1,1,0,1,0
Pedicularis resupinata,native,herbaceous,-0.29102548569427006,-0.661699336140166,-1.1296710445733367,1,1,1,1,0
Parasenecio firmus,Aster_native,herbaceous,0.6715842336838429,0.7791322516617959,0.4748459130680056,1,1,0,0,0
Galinsoga parviflora,Aster_exotic,herbaceous,2.366273049970105,-3.1363434200334352,-0.4173588835849951,0,1,0,0,0
Beckmannia syzigachne,native,herbaceous,1.0987576971194462,-1.716112971252211,-0.38277423226781787,1,0,0,0,0
Rorippa indica,native,herbaceous,-0.5082746036779688,0.6406246316073113,-1.3646563231111952,0,0,1,0,0
Galium kamtschaticum,native,herbaceous,0.6436442655156143,0.1414908692959694,-0.7361169978307851,1,1,1,1,0
Bromus remotiflorus,native,herbaceous,-0.6069788269106492,-2.123284363636915,0.3576223274329111,1,0,0,1,0
Sisymbrium luteum,native,herbaceous,-0.05411949116983182,0.5606335340451317,-1.1879027604645611,1,0,0,1,0
Artemisia annua,Aster_native,herbaceous,1.1562344037202317,0.5916225380953581,-2.495292602073611,1,1,1,0,0
Senecio vulgaris,Aster_exotic,herbaceous,0.40251472505798724,0.36618023167686187,-1.4267234393428696,0,0,0,1,0
Sphenomeris chinensis,native,herbaceous,-0.20297139707997008,-0.1226448903399502,0.35247782625242313,1,0,0,0,0
Sedum polytrichoides,native,herbaceous,-1.0528345112081725,1.0244804649985082,-0.9176905752796508,1,1,1,0,0
Calamagrostis langsdorffii,native,herbaceous,0.4848530437934461,-1.820147217756273,-0.38550056860238346,0,0,0,1,0
Aster koraiensis,Aster_native,herbaceous,6.351774490282802,-7.650940849519748,1.0768947734872394,1,1,0,0,0
Ixeris polycephala,Aster_native,herbaceous,0.892495516472142,0.13142774853885394,-1.2068893202513395,0,0,1,0,0
Potentilla anemonifolia,native,herbaceous,-2.0270501121454765,-1.2627591324081817,-1.7580078004159023,1,0,1,0,0
Cirsium pendulum,Aster_native,herbaceous,1.5077937381305484,-0.7686323790721542,0.4150819412525773,1,0,0,1,0
Sedum middendorffianum,native,herbaceous,-1.1885663744198056,1.1963923383836161,-1.0669689350556533,1,0,0,0,0
Carex leiorhyncha,native,herbaceous,-1.365331337177546,0.4040759851385311,-0.31958452265844794,1,0,0,1,0
Phegopteris decursive-pinnata,native,herbaceous,0.6889214600452834,0.15677616299959288,-0.050228330853713435,0,0,1,0,0
Cheilanthes argentea,native,herbaceous,-0.19922179662108577,-0.15463594859928545,0.3561801880188539,1,0,1,0,0
Conyza bonariensis,Aster_exotic,herbaceous,0.015299735738513471,-2.725232797899543,-1.7812900513654555,0,0,1,1,0
Bidens pilosa,Aster_exotic,herbaceous,0.595068501257299,1.7003021303429229,0.40427204107722614,0,1,0,0,0
Sigesbeckia glabrescens,Aster_native,herbaceous,2.402725025085682,-3.286709621869543,0.05853233899744292,1,1,0,1,0
Bidens parviflora,Aster_native,herbaceous,0.6447826468043403,0.8131304177152564,0.4283726311324172,1,0,0,0,0
Disporum uniflorum,native,herbaceous,-0.5545649434404727,0.7155728471706096,1.8710277429724973,1,1,0,1,0
Carex dispalata,native,herbaceous,-1.2490226477588176,-0.8045097253235204,-0.166781989914289,1,1,0,1,0
Polygonatum stenophyllum,native,herbaceous,-0.7782261582373424,-0.45104961274197286,1.7865068543271219,0,1,0,1,0
Anthriscus sylvestris,native,herbaceous,0.458294177377215,0.4173755413814969,0.7278544985924239,1,1,0,0,0
Matteuccia struthiopteris,native,herbaceous,1.1204343470464386,0.07073314196669968,-0.07213321085506642,1,1,0,1,0
Aconitum coreanum,native,herbaceous,-0.30711080829955223,0.256095159571028,0.43355085136546145,1,1,0,0,0
Echinops setifer,Aster_native,herbaceous,1.2669604235105285,-0.7702533538599398,0.4280835922556271,1,0,0,0,0
Leonurus macranthus,native,herbaceous,0.051088911597620454,-0.7873246617137595,-0.6719224797735968,0,1,0,0,0
Pimpinella komarovii,native,herbaceous,0.37479887908436293,0.3821148591227892,0.6643148363887147,1,0,1,0,0
Commelina coreana,native,herbaceous,0.45680911368048305,-0.20873529408357133,1.2234163724276184,1,1,0,1,0
Scabiosa tschiliensis,native,herbaceous,-0.7167572773738773,0.8897135022894413,-0.2696986904320784,1,1,0,0,0
Marsdenia tomentosa,native,herbaceous,1.381449353175194,-0.023226421069707306,-1.2070024078896362,1,0,0,0,0
Thalictrum ichangense,native,herbaceous,-0.29871593243258393,0.21887803152764834,0.3861261215529918,0,1,0,0,0
Asplenium ruprechtii,native,herbaceous,0.5848999722991846,-0.07395906705980344,0.24132193162336377,1,1,1,1,0
Euphorbia pekinensis,native,herbaceous,-0.779365691348866,1.1705969960539966,-0.7528908450583226,1,1,0,0,0
Vicia nipponica,native,herbaceous,-0.7907573202126658,1.2266579046175705,1.2771160343335644,1,1,0,1,0
Peucedanum insolens,native,herbaceous,0.17127154057682759,0.7548318908635733,0.675502109424828,1,1,0,0,0
Phtheirospermum japonicum,native,herbaceous,-0.29102548569427006,-0.661699336140166,-1.1296710445733367,1,1,1,0,0
Luzula capitata,native,herbaceous,0.01374992316604141,-0.2722278591827119,-0.7177590783621538,1,1,1,1,0
Cirsium setidens,Aster_native,herbaceous,1.0510522663770925,-0.7391138464971152,0.6825810003972672,1,0,0,1,0
Aconitum villosum,native,herbaceous,-0.30711080829955223,0.25461044627689033,0.46834069396224326,1,0,0,0,0
Cimicifuga heracleifolia,native,herbaceous,-0.4620348003890698,0.3496553123438218,0.33079546655133013,1,1,1,1,0
Ligularia jaluensis,Aster_native,herbaceous,0.5900983535340362,0.4645463285120965,-0.1469566143259687,0,0,0,1,0
Astilbe koreana,native,herbaceous,-1.0148042064320997,1.1963923383836161,-1.0316653594497487,1,0,0,1,0
Lycopus lucidus,native,herbaceous,0.032811941866998845,-0.8799969093311756,-0.6846774064501231,1,1,1,1,0
Mukdenia rossii,native,herbaceous,-1.0223993416851451,0.9794010879478972,-0.8850331184250269,1,0,0,1,0
Brachybotrys paridiformis,native,herbaceous,0.24961798371280977,-0.007041815264351469,-0.5668939666866741,1,1,0,1,0
Vicia anguste-pinnata,native,herbaceous,-0.7253467913639228,1.0865815938440597,1.2070715718044132,0,0,0,1,0
Osmorhiza aristata,native,herbaceous,0.38862332742209976,0.3179400466900202,0.5709127125933396,1,1,1,1,0
Corydalis ternata,native,herbaceous,-0.4914558193553067,0.6478430042326999,0.30338365453972305,1,1,0,0,0
Arisaema amurense,native,herbaceous,-0.282335074633851,0.9669670151125638,1.5461257535557853,1,1,1,1,0
Leptorumohra miqueliana,native,herbaceous,0.6386020783003878,0.028403272550108594,0.036667695210355414,1,1,1,1,0
Spiranthes sinensis,native,herbaceous,-0.03649289977038131,-0.22657461996192388,1.2233709558170025,0,1,0,0,0
Echinochloa utilis,native,herbaceous,0.24491416647131906,0.2036431748405229,0.10941269100612691,0,1,0,0,0
Nephrolepis cordifolia,native,herbaceous,0.7244119144448347,0.0032514195699886025,0.014155838562893952,1,1,0,0,0
Tricyrtis macropoda,native,herbaceous,-0.5712921366107313,0.7338527451797793,1.610796244201371,1,1,1,1,0
Lysimachia davurica,native,herbaceous,-0.5117320780849736,0.47977668334124146,-1.3749298324230068,1,0,0,1,0
Viola lactiflora,native,herbaceous,-1.6086011419523307,0.8379966885963266,-0.22781933151738018,0,1,0,1,0
Microstegium japonicum,native,herbaceous,1.336946631700944,-1.857069854083741,-0.8508857938718064,1,0,0,1,0
Scorzonera albicaulis,Aster_native,herbaceous,0.7862117374021855,-0.5945184106193298,-0.4622328354719675,1,0,0,0,0
Woodsia manchuriensis,native,herbaceous,0.6680068025866647,0.15750155137656174,-0.011602467112315381,1,0,1,0,0
Selaginella tamariscina,native,herbaceous,-0.6210777021599769,1.3316698725780567,0.5724193098776081,1,1,1,0,0
Aconitum austrokoreense,native,herbaceous,-0.30711080829955223,0.25461044627689033,0.46834069396224326,1,1,0,1,0
Asplenium pekinense,native,herbaceous,0.5472525812064793,-0.0707783529431808,0.24689809484248895,1,1,0,0,0
Scirpus karuisawensis,native,herbaceous,-1.5435054090300544,0.2194117145297109,-1.0613575475013022,0,0,0,1,0
Aconitum longecassidatum,native,herbaceous,-0.30711080829955223,0.25461044627689033,0.46834069396224326,1,1,0,1,0
Calystegia hederacea,native,herbaceous,1.2213049386003996,-0.0024633776410146304,-0.8475824111141558,1,0,0,0,0
Rubia pubescens,native,herbaceous,1.4934523219572584,-0.029065380945990083,-0.4384005367919639,0,1,0,0,0
Cuscuta japonica,native,herbaceous,1.2213049386003996,-0.0024633776410146304,-0.8475824111141558,0,1,0,0,0
Equisetum hyemale,native,herbaceous,-0.17332299500213805,-0.4383049034205661,0.4650762281075498,1,1,0,1,0
Galium paradoxum,native,herbaceous,0.6512811059109369,0.1414908692959694,-0.8804790855929727,1,0,0,1,0
Scrophularia kakudensis,native,herbaceous,-0.6438867910412956,0.045122868190839334,-0.8318016456001524,1,0,0,0,0
Urtica angustifolia,native,herbaceous,-0.7874907039324206,1.1641320733436693,1.05784020099743,1,1,0,1,0
Parasenecio auriculatus,Aster_native,herbaceous,0.6715842336838429,0.7791322516617959,0.4748459130680056,1,1,0,0,0
Symplocarpus renifolius,native,herbaceous,-0.20284958403016226,0.9472313560941561,1.419252784935826,1,1,0,1,0
Viola ovato-oblonga,native,herbaceous,-1.157074892622208,1.2568710540895216,-0.8625047822889422,1,0,0,0,0
Lepisorus thunbergianus,native,herbaceous,0.6386020783003878,0.028403272550108594,0.036667695210355414,1,1,1,1,0
Geum japonicum,native,herbaceous,-0.10493407070417647,-0.4764434281245608,0.4328752942688377,1,1,1,1,0
Monotropa uniflora,native,herbaceous,-0.8976667436507386,0.3398559894969273,-2.197149582959126,1,1,0,0,0
Bupleurum falcatum,native,herbaceous,0.27220657462208786,-0.6909790620307813,0.5529512607141128,1,0,0,0,0
Metathelypteris laxa,native,herbaceous,0.6927950539561243,0.15677616299959288,-0.050228330853713435,1,0,0,0,0
Thelypteris glanduligera,native,herbaceous,0.6680068025866647,0.15750155137656174,-0.011602467112315381,1,0,1,1,0
Carex tristachya,native,herbaceous,-1.96048128523133,0.19967741118158597,-0.746708077737021,0,1,0,0,0
Urtica thunbergiana,native,herbaceous,-0.8264583348286977,1.1591314864780067,1.155911368026131,1,1,0,1,0
Aconitum kusnezoffii,native,herbaceous,-0.30711080829955223,0.25461044627689033,0.46834069396224326,1,0,0,1,0
Cremastra appendiculata,native,herbaceous,-0.35988582552855436,-0.2555178594632858,1.1432650128877762,1,0,0,0,0
Rubia hexaphylla,native,herbaceous,1.4934523219572584,-0.029065380945990083,-0.4384005367919639,1,0,1,0,0
Diarrhena fauriei,native,herbaceous,-0.07369848852838226,-1.957620044643404,-0.030229474564715905,1,1,1,1,0
Lychnis cognata,native,herbaceous,-0.04557656662122766,0.12072698604276581,-0.18097518317246408,1,1,1,1,0
Streptopus ovalis,native,herbaceous,-0.628671078984233,0.7140467961826623,1.8895690809994874,1,0,1,0,0
Epipactis papillosa,native,herbaceous,-0.2192432772443643,-0.13029909108643759,1.240348971050118,0,0,1,0,0
Desmodium podocarpum,native,herbaceous,0.05600053852307107,-0.9265933282926825,0.5785998975392114,0,1,0,0,0
Carex polyschoena,native,herbaceous,-1.96048128523133,0.19967741118158597,-0.746708077737021,1,1,1,1,0
Polygonum viscoferum,native,herbaceous,0.6439385208540193,0.9908539850549288,0.5963430722922716,1,0,0,0,0
Polygonum japonicum,native,herbaceous,0.580792512544178,0.9688274037748829,0.6949641140589032,1,0,0,0,0
Sonchus oleraceus,Aster_exotic,herbaceous,1.1436109251694562,-0.6543553269858062,-0.5758323863069467,1,0,1,1,0
Saussurea pulchella,Aster_native,herbaceous,1.1122052448853952,-0.7348022500324384,0.4677695249106689,0,1,0,0,0
Diarrhena mandshurica,native,herbaceous,-0.07369848852838226,-1.957620044643404,-0.030229474564715905,0,0,0,1,0
Pseudostellaria coreana,native,herbaceous,0.3881377394148709,0.9353404885832418,-0.7308315534326755,1,1,1,1,0
Aralia cordata,native,herbaceous,-0.2138200532756278,1.2251479965656376,-0.6169944490999525,1,0,0,0,0
Asperula lasiantha,native,herbaceous,1.2672874030177086,-0.00147016510146114,-0.23691157130438842,1,0,0,0,0
Swertia japonica,native,herbaceous,1.477604545777825,-0.039838847568059804,-1.202071495365244,1,0,0,0,0
Ophiopogon jaburan,native,herbaceous,-0.6536491797594217,-0.454200318329746,2.0866624097176403,0,1,0,1,1
Hylotelephium erythrostictum,native,herbaceous,-1.0148042064320997,1.1963923383836161,-1.0316653594497487,1,0,0,0,0
Cynanchum atratum,native,herbaceous,1.477604545777825,-0.039838847568059804,-1.1614245659288323,1,0,1,1,0
Bletilla striata,native,herbaceous,-0.2696426010701141,-0.13058488110274558,1.1857130574428831,1,1,0,1,0
Lithospermum zollingeri,native,herbaceous,0.3041141116203492,-0.02483211461613406,-0.5871425322419214,1,1,0,0,0
Eragrostis multicaulis,native,herbaceous,0.45142383731296715,-0.9734692536165181,-0.7278294455143157,1,1,0,1,0
Osmunda cinnamomea,native,herbaceous,0.5976950770865644,-0.42549518397192937,0.608863634125082,1,1,1,1,0
Liparis krameri,native,herbaceous,-0.32877199267543394,-0.22994527431849154,1.1541105080748684,0,1,1,1,0
Paeonia japonica,native,herbaceous,-1.0185173751703573,1.0845113069131413,-0.7696944581070749,1,1,0,1,0
Allium macrostemon,native,herbaceous,-0.4827820169851522,-0.48682513594694327,0.6978058088578839,1,1,0,1,0
Viola diamantiaca,native,herbaceous,-1.8301550378407399,0.916689337497163,-0.20427575173638665,1,0,1,1,0
Rodgersia podophylla,native,herbaceous,-1.0528345112081725,1.0244804649985082,-0.9203366940309312,1,1,0,1,0
Trisetum bifidum,native,herbaceous,0.008668492455815757,-1.7630682762740932,-0.16202688499170234,1,1,0,1,0
Oxalis obtriangulata,native,herbaceous,-0.6905535613029096,0.9199363309797235,-0.39098896429007435,1,0,0,1,0
Chrysosplenium pseudofauriei,native,herbaceous,-1.0528345112081725,1.0244804649985082,-0.9203366940309312,0,0,0,1,0
Milium effusum,native,herbaceous,0.47608602021422364,-1.7283672634037794,-0.24729977574295806,0,0,0,1,0
Adenophora verticillata,native,herbaceous,-1.1732173601214395,1.8989079206570683,-1.0439498646771386,1,1,0,0,0
Carex kamagariensis,native,herbaceous,-1.96048128523133,0.19967741118158597,-0.746708077737021,1,0,0,0,0
Pimpinella koreana,native,herbaceous,0.37479887908436293,0.3821148591227892,0.6643148363887147,1,0,1,0,0
Potentilla anserina,native,herbaceous,-2.043559753185769,-1.232391748928179,-1.3041645568637243,0,1,0,0,0
Salvia chanryoenica,native,herbaceous,-0.0033576914677945313,-0.8758216299906071,-0.6952459512717704,1,1,1,1,0
Hanabusaya asiatica,native,herbaceous,-1.1464373127095115,0.7392969781205784,-0.706655363454006,1,1,0,1,0
Patrinia saniculifolia,native,herbaceous,-0.7300036338789596,0.9532260398662719,-0.2776346549612878,1,1,1,0,0
Parasenecio koraiensis,Aster_native,herbaceous,0.6715842336838429,0.7791322516617959,0.4748459130680056,0,0,0,1,0
Epimedium koreanum,native,herbaceous,-0.4551034515805863,0.58373531647926,0.34836940256220483,1,1,0,0,0
Cryptotaenia japonica,native,herbaceous,0.3452258282022868,0.05655141938611675,0.33723207157344226,1,1,1,1,0
Gentiana scabra,native,herbaceous,1.4466704946162374,-0.039838847568059804,-1.2087914059297191,1,1,1,1,0
Themeda triandra,native,herbaceous,-0.030721661843049808,-0.6297799674690663,0.6149440990093532,1,1,0,0,0
Polypogon fugax,native,herbaceous,0.4848530437934461,-1.820147217756273,-0.38550056860238346,1,0,0,0,0
Potentilla dickinsii,native,herbaceous,-2.043559753185769,-1.232391748928179,-1.3041645568637243,1,0,1,0,0
Prenanthes ochroleuca,Aster_native,herbaceous,1.100827015740631,-0.4082930823004859,-1.0495221649105926,0,1,0,1,0
Selaginella rossii,native,herbaceous,-0.6210777021599769,1.3316698725780567,0.5724193098776081,1,1,1,0,0
Adenophora divaricata,native,herbaceous,-1.125836733814901,0.7593887534212166,-0.6991571719125633,1,0,0,1,0
Arachniodes standishii,native,herbaceous,0.39091972820571,0.07253237333494651,-0.005412060239898335,1,1,1,1,1
Acorus calamus,native,herbaceous,-0.6077838821258373,0.6896795964779281,0.6350484872015135,0,0,0,1,0
Leersia japonica,native,herbaceous,0.2181844607349667,-0.9104764179863984,-0.44768339244608474,0,0,0,1,0
Primula sieboldii,native,herbaceous,-0.5117320780849736,0.47977668334124146,-1.3749298324230068,0,0,0,1,0
Deparia coreana,native,herbaceous,0.8477381114900132,-0.056034497268884285,0.054352682995334904,1,1,0,0,0
Sillaphyton podagraria,native,herbaceous,-0.19872236236262567,1.3759944137566567,-0.571740429686389,1,1,1,1,0
Cornopteris crenulato-serrulata,native,herbaceous,0.8530520306778391,-0.03516565544830102,0.013387125726100287,1,1,0,1,0
Osmunda claytoniana,native,herbaceous,0.02521766614304008,-0.281158209783213,0.5808307386089215,1,0,0,1,0
Dennstaedtia hirsuta,native,herbaceous,-0.20214785999689835,-0.1226448903399502,0.35247782625242313,1,1,0,1,0
Ligularia jamesii,Aster_native,herbaceous,0.5900983535340362,0.4645463285120965,-0.1469566143259687,1,0,0,0,0
Achillea alpina,Aster_native,herbaceous,0.6660253478032444,0.9470506841078372,0.39910534827757344,1,0,1,0,0
Orostachys minuta,native,herbaceous,-1.0148042064320997,1.1963923383836161,-1.0316653594497487,0,0,1,0,0
Gentiana squarrosa,native,herbaceous,1.4466704946162374,-0.039838847568059804,-1.2087914059297191,1,1,1,1,0
Circaea alpina,native,herbaceous,0.33102314653464343,-0.005266138916127804,0.6084495018546066,0,0,0,1,0
Anemone reflexa,native,herbaceous,-1.36683915136219,0.6850637128112538,0.47114645672778077,1,1,0,1,0
Lepisorus ussuriensis,native,herbaceous,0.6386020783003878,0.028403272550108594,0.036667695210355414,1,0,1,1,1
Agrostis clavata,native,herbaceous,0.4848530437934461,-1.820147217756273,-0.38550056860238346,1,1,0,1,0
Polygonatum falcatum,native,herbaceous,-0.7576643362827091,-0.5123181970594081,1.6835700142815844,1,1,0,1,0
Actinostemma lobatum,native,herbaceous,0.6364384095126269,0.1926909565220619,0.6017426923995753,0,1,0,0,0
Polygonum muricatum,native,herbaceous,0.5883677768936596,1.0727666691677842,0.6301310584026534,0,0,0,1,0
Ranunculus sceleratus,native,herbaceous,-1.1908965054599832,0.6602205696397971,0.5026598160559765,0,0,0,1,0
Polygonum viscosum,native,herbaceous,0.5947585298674019,1.0455553891269889,0.5938272471781005,1,0,0,1,0
Bupleurum longeradiatum,native,herbaceous,0.18249344841849238,0.5074260734907826,0.3907752456562483,1,0,1,1,0
Ajuga spectabilis,native,herbaceous,1.2610887355065803,-0.9517513093099232,-1.2024859909439325,1,1,1,1,0
Ostericum grosseserratum,native,herbaceous,0.1336373018650388,0.6241511602996371,0.6093479747360295,1,1,0,0,0
Diplazium mesosorum,native,herbaceous,0.8530520306778391,-0.03516565544830102,0.013387125726100287,0,0,0,1,0
Thelypteris beddomei,native,herbaceous,0.6680068025866647,0.15750155137656174,-0.011602467112315381,1,1,0,0,0
Lactuca triangulata,Aster_native,herbaceous,1.0765473797923997,-0.691975667009109,-0.503362224872548,1,0,0,0,0
Adenophora liliifolia,native,herbaceous,-1.0856521155461856,0.7561556218639068,-0.6663457019942695,0,1,0,0,0
Calamagrostis pseudophragmites,native,herbaceous,0.4848530437934461,-1.820147217756273,-0.38550056860238346,1,1,0,0,0
Rotala indica,native,herbaceous,-0.09428381617989706,0.23824849332653036,0.31944625612421207,0,0,0,1,0
Asyneuma japonicum,native,herbaceous,-1.2413337479628856,-0.11779330503945834,-0.5078048375824271,0,0,0,1,0
Potentilla cryptotaeniae,native,herbaceous,-2.043559753185769,-1.232391748928179,-1.3041645568637243,0,0,0,1,0
Odontosoria chinensis,native,herbaceous,-0.29189091251844773,-0.11479240869685539,0.4064998569477181,1,1,0,0,0
Pseudolysimachion dauricum,native,herbaceous,-0.6438867910412956,0.045122868190839334,-0.8318016456001524,1,0,0,0,0
Allium spirale,native,herbaceous,-0.4827820169851522,-0.48682513594694327,0.6870140664342375,0,0,1,0,0
Lilium cernuum,native,herbaceous,-0.5712921366107313,0.703786382921999,1.811586475120913,0,0,1,0,0
Amitostigma gracile,native,herbaceous,0.1782495570676595,-0.23611419128787883,1.1764366699269526,1,0,1,0,0
Woodsia microsora,native,herbaceous,0.6680068025866647,0.15750155137656174,-0.011602467112315381,0,0,1,0,0
Streptolirion volubile,native,herbaceous,0.38995786870914406,-0.171403128225114,0.9500381471874744,1,1,0,1,0
Urtica laetevirens,native,herbaceous,-0.8264583348286977,1.1591314864780067,1.155911368026131,1,1,0,0,0
Rhynchosia acuminatifolia,native,herbaceous,-0.9076512994650162,1.1039759991900822,1.1842498672788537,1,1,1,0,0
Dryopteris saxifragi-varia,native,herbaceous,0.35155624198463553,-0.01293815160738312,0.025077344533973398,1,1,1,1,0
Dicranopteris linearis,native,herbaceous,-0.08757286203701976,-0.23167889019617036,0.5393129173736352,1,1,0,0,0
Dryopteris expansa,native,herbaceous,0.3238105964472211,-0.0022915756318919196,0.025077344533973398,1,0,0,1,0
Carex pediformis,native,herbaceous,-1.96048128523133,0.19967741118158597,-0.746708077737021,1,1,0,0,0
Aster spathulifolius,Aster_native,herbaceous,0.681914535886031,-0.32148539648934105,-1.687540195495698,0,1,0,0,0
Hololeion maximowiczii,Aster_native,herbaceous,-0.5557432757638119,-0.3327819214254876,-0.16266537106152001,0,0,0,1,0
Ostericum sieboldii,native,herbaceous,0.1336373018650388,0.6241511602996371,0.6093479747360295,1,1,0,1,0
Vicia cracca,native,herbaceous,-0.7315364283651006,1.0287774184736886,1.6395739179673947,1,0,1,1,0
Hepatica insularis,native,herbaceous,-1.36683915136219,0.6850637128112538,0.47114645672778077,1,1,0,1,0
Dumasia truncata,native,herbaceous,-0.6709487328911568,1.0005236839099652,1.8426515618137522,1,1,0,0,0
Artemisia indica,Aster_native,herbaceous,1.1718030672976474,-1.9560230741195588,-1.9583872213829423,1,1,1,1,1
Rubia argyi,native,herbaceous,1.4934523219572584,-0.029065380945990083,-0.4384005367919639,1,1,1,1,0
Trigonotis icumae,native,herbaceous,0.267452011089792,-0.01384932526995946,-0.5668939666866741,1,1,0,1,0
Draba nemorosa,native,herbaceous,-0.05411949116983182,0.5606335340451317,-1.1879027604645611,0,1,0,0,0
Persicaria thunbergii,native,herbaceous,0.6669008935128538,1.178099776836804,0.58627896479045,1,1,1,1,0
Phragmites australis,native,herbaceous,0.7086323998950366,-1.3143377869518726,-0.9552566037833766,1,0,0,1,0
Juncus decipiens,native,herbaceous,0.01374992316604141,-0.2548227314791745,-0.7177590783621538,1,1,0,1,0
Astilbe chinensis,native,herbaceous,-0.9829909794815123,1.464164572602169,-2.086656153192199,1,1,1,1,0
Gagea nakaiana,native,herbaceous,-0.5712921366107313,0.7313501639935036,1.560823139223027,1,1,0,0,0
Persicaria senticosa,native,herbaceous,0.6669008935128538,1.178099776836804,0.58627896479045,1,1,1,1,0
Elymus tsukushiensis,native,herbaceous,-1.921143952774533,-1.9525605933264143,0.9775298824305653,1,1,1,1,0
Rubia cordifolia,native,herbaceous,1.8435951564959772,-0.052170530967971626,0.791030906745946,1,1,1,1,0
Pseudosasa japonica,native,herbaceous,3.752536283382711,-2.3080040722484094,-0.6497215671996596,1,1,1,1,0
Iris minutoaurea,native,herbaceous,-0.07652226956304545,-0.192916835147629,1.2162667374634195,0,1,0,0,0
Gentiana zollingeri,native,herbaceous,1.4466704946162374,-0.039838847568059804,-1.2087914059297191,1,0,1,0,0
Persicaria longiseta,native,herbaceous,0.5395626440551041,1.1117344953278254,0.01826328637380625,1,1,1,1,0
Persicaria filiformis,native,herbaceous,0.567469559225695,1.1441151014568824,0.32521894153850117,1,1,1,1,1
Dioscorea polystachya,native,herbaceous,-0.33619929943649374,1.1136560620224114,1.3016214149352168,1,1,1,1,1
Galium koreanum,native,herbaceous,0.5500218024332668,0.16426244119423852,-1.1662896755050602,1,1,0,1,0
Adonis amurensis,native,herbaceous,-1.1908965054599832,0.6602205696397971,0.5026598160559765,0,1,0,1,0
Carex longerostrata,native,herbaceous,-1.96048128523133,0.19967741118158597,-0.746708077737021,0,0,0,1,0
Maianthemum japonicum,native,herbaceous,-0.6536491797594217,-0.454200318329746,2.0638115348850867,1,1,1,1,0
Corydalis ambigua,native,herbaceous,-0.4705303311790525,0.5632671054918109,0.36159644461824564,0,0,0,1,0
Viola hirtipes,native,herbaceous,-1.7531067563817457,0.8872573030831419,-0.2533370678126952,0,1,0,0,0
Dioscorea coreana,native,herbaceous,-0.33619929943649374,1.1136560620224114,1.3016214149352168,1,1,1,1,0
Persicaria nepalensis,native,herbaceous,0.5698867555443049,0.9919970216428159,0.787954381530256,0,0,1,1,0
Galium maximowiczii,native,herbaceous,0.7302808233788013,0.11871385742486812,-0.629434616104573,1,1,1,1,0
Cimicifuga foetida,native,herbaceous,-0.4620348003890698,0.3496553123438218,0.33079546655133013,1,1,0,1,0
Arisaema serratum,native,herbaceous,-0.282335074633851,0.9874804420982942,1.5461257535557853,1,1,1,1,0
Silene baccifera,native,herbaceous,-0.2375180094508941,0.09460369975490009,-1.2063254728286616,1,1,0,1,0
Tripora divaricata,native,herbaceous,-0.3022284066616098,-0.5661528770430475,-0.9408151789691497,0,1,1,0,0
Carex fusanensis,native,herbaceous,-1.96048128523133,0.19967741118158597,-0.746708077737021,0,0,1,0,0
Sedum aizoon,native,herbaceous,-1.0148042064320997,1.1963923383836161,-1.0316653594497487,0,0,0,1,0
Polygonatum humile,native,herbaceous,-0.7576643362827091,-0.5123181970594081,1.6835700142815844,1,1,1,1,0
Barnardia japonica,native,herbaceous,-0.5534689500327341,-0.48442226236484043,0.514387115122847,1,1,1,1,0
Persicaria dissitiflora,native,herbaceous,0.6669008935128538,1.178099776836804,0.58627896479045,0,1,0,1,0
Iris ruthenica,native,herbaceous,-0.13406433536006346,-0.19911568112992922,1.1906131732453367,1,1,0,0,0
Corydalis maculata,native,herbaceous,-0.4914558193553067,0.6478430042326999,0.30338365453972305,0,0,0,1,0
Clinopodium multicaule,native,herbaceous,-0.7856778000069573,-0.5256552723557469,-0.6140238115391413,1,0,0,0,0
Persicaria hydropiper,native,herbaceous,0.6459722031822899,1.3861104608124513,0.29499468334133894,1,1,1,1,0
Festuca extremiorientalis,native,herbaceous,0.008668492455815757,-1.7677178192671092,-0.16941469174688464,1,0,0,0,0
Platanthera chlorantha,native,herbaceous,-0.03649289977038131,-0.22657461996192388,1.2304612483900501,0,0,0,1,0
Metanarthecium luteoviride,native,herbaceous,-0.628671078984233,0.7140467961826623,1.8895690809994874,1,0,0,0,0
Gastrodia elata,native,herbaceous,0.17550585970291732,-0.23611419128787883,1.1764366699269526,1,0,0,1,0
Galium odoratum,native,herbaceous,0.6436442655156143,0.1414908692959694,-0.7361169978307851,1,1,1,0,0
Scrophularia koraiensis,native,herbaceous,-0.6438867910412956,0.045122868190839334,-0.8318016456001524,0,0,0,1,0
Hylodesmum oldhamii,native,herbaceous,-0.6339767570924377,0.5633974504204899,0.6793014294307232,1,1,1,0,0
Asarum versicolor,native,herbaceous,-0.6596957208085784,1.3053220390924642,0.5154193667611662,0,0,0,1,0
Cymbopogon goeringii,native,herbaceous,1.4037813126888978,-1.8513373642110114,-0.714559166306872,1,1,0,0,0
Veratrum oxysepalum,native,herbaceous,-0.5625427572425317,0.7218921040261497,1.9991841678693505,1,1,1,1,0
Boehmeria japonica,native,herbaceous,-0.8896935143663838,1.1351982739299928,0.9215640915995765,1,0,0,1,0
Carex laevissima,native,herbaceous,-1.365331337177546,0.3884750018017467,-0.3164934001205909,0,0,0,1,0
Salvia plebeia,native,herbaceous,-0.0033576914677945313,-0.8758216299906071,-0.6952459512717704,1,1,0,0,0
Persicaria perfoliata,native,herbaceous,0.6405099839385291,1.2871055439343695,0.559881797996847,1,1,1,0,0
Chrysosplenium japonicum,native,herbaceous,-1.0343630911990411,1.0354949515901124,-0.9143704706121731,1,1,0,1,0
Athyrium iseanum,native,herbaceous,0.8241955965605126,-0.048874927665027205,0.050536889884258356,1,1,1,1,0
Thelypteris quelpartensis,native,herbaceous,0.6680068025866647,0.15750155137656174,-0.011602467112315381,1,0,0,1,0
Dioscorea quinquelobata,native,herbaceous,-0.38587574838410216,1.5052789958258106,1.4396886015830272,1,1,1,1,0
Vicia venosa,native,herbaceous,-0.7907573202126658,1.2266579046175705,1.2771160343335644,1,0,1,0,0
Carex dimorpholepis,native,herbaceous,-1.2656989505252807,-0.7243259893359716,-0.21478220370301124,1,1,1,1,0
Trillium tschonoskii,native,herbaceous,-0.5625427572425317,0.7218921040261497,2.007458353675833,1,0,0,1,0
Persicaria muricata,native,herbaceous,0.5751087878246443,1.1955266498093275,0.566195399321431,0,1,0,1,0
Athyrium acutipinnulum,native,herbaceous,0.8241955965605126,-0.048874927665027205,0.050536889884258356,1,1,0,1,0
Dystaenia takesimana,native,herbaceous,0.17127154057682759,0.7548318908635733,0.675502109424828,1,1,1,1,0
Sonchus asper,Aster_exotic,herbaceous,1.1436109251694562,-0.6543553269858062,-0.5758323863069467,1,0,0,0,0
Maianthemum dilatatum,native,herbaceous,-0.6536491797594217,-0.454200318329746,2.0638115348850867,1,1,1,0,0
Hepatica maxima,native,herbaceous,-1.36683915136219,0.6850637128112538,0.47114645672778077,1,1,1,0,0
Trillium camschatcense,native,herbaceous,-0.5625427572425317,0.7218921040261497,2.007458353675833,1,1,0,1,0
Arisaema takesimense,native,herbaceous,-0.2636369847333212,0.9505710626892163,1.477002272385297,1,1,0,0,0
Lilium hansonii,native,herbaceous,-0.5712921366107313,0.703786382921999,1.811586475120913,1,1,0,0,0
Duchesnea indica,native,herbaceous,-0.7885024728073208,1.0397798822910067,0.9059446496300327,1,1,1,1,1
Valeriana dageletiana,native,herbaceous,-0.7300036338789596,0.9541973634318868,-0.2776346549612878,0,0,0,1,0
Aster pseudoglehnii,Aster_native,herbaceous,3.1699242873356672,-3.5003879530261033,-0.2168247030580178,1,1,1,0,0
Vicia sativa,native,herbaceous,-0.6743711223044658,1.0072483224560038,1.7858011159852292,1,0,0,0,0
Lactuca indica,Aster_native,herbaceous,2.396972128435986,-0.6946490878444102,-0.38770273606508204,1,1,0,1,0
Selliguea hastata,native,herbaceous,0.6886464397475314,0.007751238648575978,0.016033094279675652,0,0,0,0,1
Huperzia miyoshiana,native,herbaceous,-0.6263059934779301,1.349428872753885,0.654850130668796,0,0,0,0,1
Hylodesmum podocarpum,native,herbaceous,0.05600053852307107,-0.9265933282926825,0.5785998975392114,0,0,0,0,1
Mercurialis leiocarpa,native,herbaceous,-0.8362293116372896,1.1342133945244475,-0.5431121196410679,1,0,0,0,1
Persicaria hastatosagittata,native,herbaceous,0.6669008935128538,1.178099776836804,0.58627896479045,0,0,0,0,1
Veratrum maackii,native,herbaceous,-0.5625427572425317,0.7218921040261497,2.0075099566216483,1,1,1,1,0
Angelica amurensis,native,herbaceous,0.1336373018650388,0.6076401267883288,0.6093479747360295,1,1,0,1,0
Juncus tenuis,native,herbaceous,0.01374992316604141,-0.2548227314791745,-0.7177590783621538,0,0,0,1,0
Scirpus radicans,native,herbaceous,-1.5435054090300544,0.2194117145297109,-1.0613575475013022,0,1,0,1,0
Dryopteris gymnophylla,native,herbaceous,0.35155624198463553,-0.01293815160738312,0.025077344533973398,1,0,0,1,0
Persicaria maculosa,native,herbaceous,0.6232870795894556,1.3056087642381542,0.36884214951695876,0,1,0,1,0
Dryopteris hondoensis,native,herbaceous,0.35155624198463553,-0.01293815160738312,0.025077344533973398,0,1,0,1,0
Potentilla centigrana,native,herbaceous,0.07969362385666498,-0.892582145634653,0.2351917342354926,1,0,0,0,0
Androsace umbellata,native,herbaceous,-0.5117320780849736,0.47977668334124146,-1.3749298324230068,1,1,0,1,0
Glyceria leptolepis,native,herbaceous,0.36173024281651817,-1.9826787035249556,-0.14820906736114867,0,0,0,1,0
Schizachyrium brevifolium,native,herbaceous,0.3880053890086721,-1.20169090871744,0.0877028172826398,1,0,0,0,0
Arisaema thunbergii,native,herbaceous,-0.282335074633851,0.9483374835082067,1.533435581685932,1,1,0,1,0
Persicaria posumbu,native,herbaceous,0.5395626440551041,1.1117344953278254,0.05237778175582511,0,1,0,1,0
Potentilla kleiniana,native,herbaceous,-2.043559753185769,-1.232391748928179,-1.3041645568637243,0,0,0,1,0
Diarrhena koryoensis,native,herbaceous,-0.07369848852838226,-1.957620044643404,-0.030229474564715905,1,0,0,1,0
Carex conica,native,herbaceous,-1.96048128523133,0.19967741118158597,-0.746708077737021,1,0,0,1,0
Persicaria praetermissa,native,herbaceous,0.5751087878246443,1.1955266498093275,0.566195399321431,1,0,0,0,0
Persicaria viscosa,native,herbaceous,0.6669008935128538,1.178099776836804,0.58627896479045,1,0,1,1,0
Dryopteris fuscipes,native,herbaceous,0.3238105964472211,-0.0022915756318919196,0.025077344533973398,1,0,0,1,0
Gastrodia pubilabiata,native,herbaceous,0.17550585970291732,-0.23611419128787883,1.1764366699269526,1,0,0,1,0
Leptorumohra borealis,native,herbaceous,0.6386020783003878,0.028403272550108594,0.036667695210355414,1,1,0,0,0
Poa acroleuca,native,herbaceous,0.5483993828818132,-0.5034473309215894,-0.14786319361695055,1,0,0,1,0
Rhynchospermum verticillatum,Aster_native,herbaceous,0.6166787389085113,-0.32670847906876804,-0.011412072153569706,1,0,0,1,0
Liparis makinoana,native,herbaceous,-0.32877199267543394,-0.22994527431849154,1.1541105080748684,1,0,0,1,0
Peracarpa carnosa,native,herbaceous,-1.2075832390205912,-0.22324288283088178,-0.482985748040805,0,0,0,1,0
Dryopteris nipponensis,native,herbaceous,0.35155624198463553,-0.01293815160738312,0.025077344533973398,1,1,0,0,0
Goodyera velutina,native,herbaceous,-0.2192432772443643,-0.13029909108643759,1.240348971050118,1,0,0,0,0
Molinia japonica,native,herbaceous,0.45142383731296715,-0.9553398533657653,-0.7278294455143157,1,1,1,1,0
Anemone narcissiflora,native,herbaceous,-1.36683915136219,0.6850637128112538,0.507498917557478,0,1,0,1,0
Adenophora stricta,native,herbaceous,-1.0856521155461856,0.7561556218639068,-0.6663457019942695,1,0,0,0,0
Parasenecio adenostyloides,Aster_native,herbaceous,0.5993562814891034,0.4715638386819911,-0.122042062928163,1,0,0,0,0
Eranthis stellata,native,herbaceous,-0.30711080829955223,0.25461044627689033,0.46834069396224326,0,0,0,1,0
Anemone raddeana,native,herbaceous,-1.36683915136219,0.6850637128112538,0.47114645672778077,1,1,0,1,0
Polystichum retrosopaleaceum,native,herbaceous,0.40807613324192665,0.04757539751190874,0.03552455304556565,1,0,0,1,0
Saxifraga oblongifolia,native,herbaceous,-1.057015666712369,1.130350406865793,-1.0316653594497487,1,0,0,1,0
Carex egena,native,herbaceous,-1.96048128523133,0.19967741118158597,-0.746708077737021,1,0,0,0,0
Fallopia ciliinervis,native,herbaceous,1.1343579627768907,0.5991932045816113,0.14776247526314934,1,1,0,0,0
Corydalis pauciovulata,native,herbaceous,-0.4914558193553067,0.6478430042326999,0.30338365453972305,0,0,0,1,0
Veratrum nigrum,native,herbaceous,-0.5625427572425317,0.7218921040261497,2.0075099566216483,0,1,0,0,0
Mentha canadensis,native,herbaceous,-0.7856778000069573,-0.5256552723557469,-0.6140238115391413,1,0,0,0,0
Persicaria conspicua,native,herbaceous,0.5751087878246443,1.1955266498093275,0.566195399321431,1,0,0,0,0
Glechoma grandis,native,herbaceous,-0.7856778000069573,-0.5222869241634841,-0.6111939190502391,0,1,0,0,0
Saussurea macrolepis,Aster_native,herbaceous,1.05867721639794,-0.7549816144544951,0.4612365621946589,0,0,1,0,0
Viola kusanoana,native,herbaceous,-1.903822699045227,0.8579183754900124,0.10413429885710147,1,0,1,0,0
Disporum sessile,native,herbaceous,-0.5545649434404727,0.7155728471706096,1.8710277429724973,1,1,1,1,0
Allium ochotense,native,herbaceous,-0.5067822251622759,-0.46422494343058146,0.9111074152406863,1,1,1,0,0
Sasa kurilensis,native,herbaceous,2.672992252612962,-1.9729885068803443,-0.5551440442500352,1,1,0,0,0
Scrophularia takesimensis,native,herbaceous,-0.6438867910412956,0.045122868190839334,-0.8318016456001524,1,0,0,0,0
Carex blepharicarpa,native,herbaceous,-1.96048128523133,0.19967741118158597,-0.746708077737021,1,0,0,0,0
Sedum takesimense,native,herbaceous,-1.0148042064320997,1.1963923383836161,-1.0316653594497487,1,0,0,0,0
Pyrrosia lingua,native,herbaceous,0.6386020783003878,0.028403272550108594,0.036667695210355414,0,1,1,0,0
Hypochaeris radicata,Aster_exotic,herbaceous,1.100827015740631,-0.4082930823004859,-1.0495221649105926,0,0,1,1,0
Viola boissieuana,native,herbaceous,-1.157074892622208,1.2568710540895216,-0.8625047822889422,0,0,0,1,0
Botrychium virginianum,native,herbaceous,-0.45655574020347534,0.3605020074642256,0.6053992804693007,0,0,1,0,0
Lecanorchis japonica,native,herbaceous,0.1782495570676595,-0.23611419128787883,1.1764366699269526,1,0,0,0,0
Tripterospermum japonicum,native,herbaceous,1.2554877598684344,-0.009444492361392233,-1.1492178593908455,1,0,0,0,0
Strobilanthes oliganthus,native,herbaceous,-0.24870349781057288,-0.610253958954511,-0.9408151789691497,0,0,1,0,0
Hypolepis punctata,native,herbaceous,-0.20214785999689835,-0.1226448903399502,0.35247782625242313,0,0,0,1,0
Adonis multiflora,native,herbaceous,-1.1908965054599832,0.6602205696397971,0.5026598160559765,0,0,0,1,0
Tipularia japonica,native,herbaceous,-0.35988582552855436,-0.2555178594632858,1.1432650128877762,0,0,0,1,0
Mazus pumilus,native,herbaceous,-0.28647286050539544,-0.661699336140166,-1.131588763566388,0,0,0,1,0
Cephalanthera falcata,native,herbaceous,-0.24267899994461048,-0.23020253551940892,1.0983931145563512,0,0,0,1,0
Cephalanthera subaphylla,native,herbaceous,-0.23906413639859955,-0.13058488110274558,1.2106011119900166,0,0,0,1,0
Goodyera maximowicziana,native,herbaceous,-0.19735351743089818,-0.13029909108643759,1.2106011119900166,0,0,0,1,0
Galium trifidum,native,herbaceous,0.6436442655156143,0.1414908692959694,-0.7361169978307851,1,0,0,1,0
Goodyera biflora,native,herbaceous,-0.19735351743089818,-0.13029909108643759,1.2106011119900166,1,0,0,0,0
Calanthe sieboldii,native,herbaceous,-0.34201809780964454,-0.2466684598880435,1.1432575014533175,0,0,0,1,0
Codonopsis ussuriensis,native,herbaceous,-1.2346043175820671,-0.1696849291282778,-0.4513158712120604,0,0,1,0,0
Calanthe reflexa,native,herbaceous,-0.34201809780964454,-0.2466684598880435,1.1460239393695484,1,0,0,1,0
Platanthera hologlottis,native,herbaceous,-0.03649289977038131,-0.22657461996192388,1.2233709558170025,1,0,0,0,0
Pyrrosia hastata,native,herbaceous,0.6386020783003878,0.028403272550108594,0.036667695210355414,0,0,0,1,0
Ageratina altissima,Aster_exotic,herbaceous,2.5516623768379394,-2.740099196682137,-0.8626342130558899,1,1,1,1,0
Hypodematium glanduloso-pilosum,native,herbaceous,0.7155592987471584,0.13518463910171002,-0.05797184870103805,1,1,0,0,0
Persicaria lapathifolia,native,herbaceous,0.6405099839385291,1.2871055439343695,0.559881797996847,1,0,0,1,0
Lophatherum sinense,native,herbaceous,-0.019718066269981658,-0.8255702943232174,-0.6736682045293663,0,1,0,0,0
Corydalis heterocarpa,native,herbaceous,-0.4686665991249492,0.5650800772665899,0.3611827516631862,1,1,0,1,0
Sanicula rubriflora,native,herbaceous,0.023580251942930598,1.5244447862996457,0.08694371492180408,0,1,0,1,0
Potamogeton distinctus,native,herbaceous,-0.2636424071602174,0.9451325943030673,1.3547750318767913,0,1,0,0,0
Allium monanthum,native,herbaceous,-0.4827820169851522,-0.48682513594694327,0.6765105792242346,0,1,0,1,0
Athyrium concinnum,native,herbaceous,0.8241955965605126,-0.048874927665027205,0.050536889884258356,1,0,0,0,0
Astilboides tabularis,native,herbaceous,-1.0528345112081725,1.0244804649985082,-0.9203366940309312,0,0,0,1,0
Polystichum craspedosorum,native,herbaceous,0.40807613324192665,0.04757539751190874,0.03552455304556565,0,0,0,1,0
Thalictrum uchiyamae,native,herbaceous,-0.29871593243258393,0.21887803152764834,0.3861261215529918,1,0,0,0,0
Schizopepon bryoniifolius,native,herbaceous,0.7321063331928698,-0.06221580838189705,0.6620194527652191,1,0,0,0,0
Carpesium triste,Aster_native,herbaceous,0.25666008381266847,0.1953832433501447,-0.9318149748240281,1,0,0,0,0
Cardamine scutata,native,herbaceous,-0.81273404177615,1.0236388937390664,-1.4030982363082953,0,1,0,0,0
Hosta clausa,native,herbaceous,-0.5297660936142222,-0.5079215658016077,0.7385353235253155,0,1,0,0,0
Gypsophila oldhamiana,native,herbaceous,-0.28154101606818804,0.1332249368969632,-1.2074413809563063,0,0,1,1,0
Artemisia codonocephala,Aster_native,herbaceous,1.3113627675577975,-2.1364599246363207,-2.1082296290145193,0,0,0,1,0
Artemisia selengensis,Aster_native,herbaceous,1.3113627675577975,-2.1364599246363207,-2.1082296290145193,0,0,0,1,0
Carex miyabei,native,herbaceous,-1.96048128523133,0.19967741118158597,-0.746708077737021,0,0,0,1,0
Megaleranthis saniculifolia,native,herbaceous,-0.4482639722597837,0.3602889913898948,0.3260045949245722,1,0,0,0,0
Impatiens textorii,native,herbaceous,-0.4490004035517039,0.32933411670818147,-0.04033421118884777,1,0,0,1,0
Streptopus koreanus,native,herbaceous,-0.628671078984233,0.7140467961826623,1.8895690809994874,1,0,0,0,0
Carex vesicaria,native,herbaceous,-1.2656989505252807,-0.7243259893359716,-0.20914532972212566,0,0,0,1,0
Symplocarpus nipponicus,native,herbaceous,-0.20284958403016226,0.9472313560941561,1.419252784935826,0,1,0,0,0
Caltha palustris,native,herbaceous,-0.7805372196868244,0.3602692604878092,0.4667662831137714,0,1,0,0,0
Digitaria ciliaris,native,herbaceous,0.20824981089283157,0.07280910434438904,0.12523092033051328,1,0,0,1,0
Chrysosplenium barbatum,native,herbaceous,-1.0528345112081725,1.0244804649985082,-0.9203366940309312,1,0,0,1,0
Cimicifuga austrokoreana,native,herbaceous,-0.4620348003890698,0.3496553123438218,0.33079546655133013,0,0,0,1,0
Clinopodium gracile,native,herbaceous,-0.7856778000069573,-0.5256552723557469,-0.6140238115391413,0,0,0,1,0
Corydalis alata,native,herbaceous,-0.4914558193553067,0.6478430042326999,0.30338365453972305,1,0,0,0,0
Paeonia lactiflora,native,herbaceous,-1.0047845970761333,1.0845113069131413,-0.7343908825011708,0,0,0,1,0
Dryopteris maximowiczii,native,herbaceous,0.35155624198463553,-0.01293815160738312,0.025077344533973398,0,0,0,1,0
Centipeda minima,Aster_native,herbaceous,0.5376732642175415,0.4933340934808401,-1.2444866590467647,0,0,0,1,0
Polygonatum sibiricum,native,herbaceous,-0.7782261582373424,-0.45104961274197286,1.7865068543271219,0,0,0,1,0
Nanocnide japonica,native,herbaceous,-0.89595531873587,1.1384378490927212,0.9871510935822874,0,0,0,1,0
Pseudolysimachion longifolium,native,herbaceous,-0.6438867910412956,0.045122868190839334,-0.8318016456001524,1,0,0,0,0
Geranium knuthii,native,herbaceous,-0.09428381617989706,0.23824849332653036,0.31944625612421207,1,0,0,0,0
Anemone koraiensis,native,herbaceous,-1.36683915136219,0.6850637128112538,0.47114645672778077,1,0,0,1,0
Scutellaria insignis,native,herbaceous,1.254845993587126,-0.9627486957302034,-1.2024859909439325,1,1,0,0,0
Polypodium vulgare,native,herbaceous,0.6886464397475314,0.007751238648575978,0.016033094279675652,0,1,0,0,0
Polygonatum thunbergii,native,herbaceous,-0.7782261582373424,-0.45104961274197286,1.7865068543271219,1,0,0,1,0
Gymnocarpium dryopteris,native,herbaceous,0.704254715797668,0.05934638284925564,0.029137118093856804,1,0,0,0,0
Potentilla squamosa,native,herbaceous,-1.8437197657370912,-1.210350875922843,-0.8763897328325031,0,1,0,0,0
Gentiana triflora,native,herbaceous,1.4466704946162374,-0.039838847568059804,-1.2087914059297191,0,1,0,0,0
Saussurea conandrifolia,Aster_native,herbaceous,1.05867721639794,-0.7549816144544951,0.4612365621946589,0,0,0,1,0
Fatoua villosa,native,herbaceous,-0.16974787773357353,0.5321516953728989,1.120916068523043,0,0,0,1,0
Imperata cylindrica,native,herbaceous,1.3211109721262126,-1.5844037001754374,-1.2806715855413218,0,0,0,1,0
Tagetes minuta,Aster_exotic,herbaceous,2.612431745782614,-3.1180635949632607,-0.29667651326528527,1,0,0,0,0
Eriochloa villosa,native,herbaceous,0.11044538106995279,0.11639041308164624,0.0017953709135068183,0,0,0,1,0
Pulsatilla cernua,native,herbaceous,-1.3388264088713913,0.6602205696397971,0.5033844597985463,1,1,0,0,0
Calamagrostis purpurea,native,herbaceous,0.4848530437934461,-1.820147217756273,-0.38550056860238346,1,0,0,0,0
Artemisia lancea,Aster_native,herbaceous,1.3113627675577975,-2.1364599246363207,-2.1082296290145193,1,0,0,0,0
Sanguisorba stipulata,native,herbaceous,0.09332026395377001,-0.8820436526083202,0.26444996610512533,1,0,0,0,0
Potentilla supina,native,herbaceous,-2.043559753185769,-1.232391748928179,-1.3041645568637243,0,0,0,1,0
Pleurosoriopsis makinoi,native,herbaceous,0.6886464397475314,0.007751238648575978,0.016033094279675652,1,0,0,0,0
Chrysosplenium flagelliferum,native,herbaceous,-1.0343630911990411,1.0354949515901124,-0.9143704706121731,0,0,0,1,0
Lloydia triflora,native,herbaceous,-0.5712921366107313,0.7313501639935036,1.560823139223027,0,0,0,1,0
Erysimum amurense,native,herbaceous,-0.1127917869092945,0.5591627908239284,-1.3638444638860296,0,1,0,1,0
Geranium wilfordii,native,herbaceous,0.02139907738116358,0.23210231171155532,0.46346398507853287,1,0,0,0,0
