species,seed_dry_mass_mg,SLA_mm2_mg.1,height_m
Hololeion maximowiczii,1.0218274796171467,24.651478958920794,0.3045498936302256
Crepidiastrixeris denticulatoplatyphylla,1.0218274796171467,24.651478958920794,0.3045498936302256
Eupatorium tripartitum,0.057567936908156495,12.417408135474943,1.1156548378976878
Eupatorium japonicum,0.057567936908156495,12.417408135474943,1.1156548378976878
Eupatorium lindleyanum,0.057567936908156495,12.417408135474943,1.1156548378976878
Eupatorium rugosum,0.034800000000000005,9.28087485552745,1.046
Ageratina altissima,0.36855758284285983,12.647767690342755,2.4012349671755864
Tagetes minuta,0.8405980082381652,11.389609516129884,2.5001858154986643
Sigesbeckia glabrescens,1.41036,10.869377865375013,2.1749653821684447
Sigesbeckia pubescens,0.7050700812884817,11.3320383165326,2.122914757094416
Galinsoga parviflora,0.7050700812884817,11.3320383165326,2.122914757094416
Galinsoga quadriradiata,0.7050700812884817,11.3320383165326,2.122914757094416
Ambrosia artemisiifolia,37.4986206896552,16.8691128156632,0.472766909978102
Ambrosia trifida,10.866362500000001,24.4992857142857,1.097
Xanthium strumarium,72.78483333333331,18.122568203643304,0.707142857142857
Xanthium canadense,17.678658815719892,20.92974806665788,0.7434364633211021
Bidens pilosa,2.333890360096837,43.31279893595657,0.6542970012675702
Bidens bipinnata,2.76,55.55555555555559,0.65
Bidens parviflora,2.4172911405292647,33.86921732573167,0.6762730725364592
Bidens tripartita,2.27773575027871,35.76571428571431,0.716292307692308
Bidens frondosa,2.91878108943503,31.5274362494835,0.645694736842105
Coreopsis alternifolia,2.355732256926652,34.115364851424566,0.6896462051995276
Centipeda minima,0.2113032854715314,30.995829564926375,0.629812177517019
Anaphalis sinica,0.07371654801229882,28.639035102855964,0.5634284122343932
Pseudognaphalium affine,0.07371654801229882,28.639035102855964,0.5634284122343932
Euchiton japonicus,0.023093333333333296,28.327802021215767,0.5774435442658217
Leontopodium leontopodioides,0.06575126273792527,28.982057905778817,0.5811407282495274
Carpesium cernuum,0.726666666666667,28.383454220175647,0.5
Carpesium triste,0.3332226326255263,28.53852050905493,0.5225315941620675
Carpesium macrocephalum,0.3332226326255263,28.53852050905493,0.5225315941620675
Carpesium divaricatum,0.30450632404888045,28.579369414927545,0.5406851139719792
Carpesium abrotanoides,0.37220235400595136,28.24511620611936,0.5
Erigeron strigosus,0.0301666666666667,19.155462219772495,0.551692635658915
Erigeron annuus,0.040999999999999995,26.845396634615298,0.707327586206897
Erigeron philadelphicus,0.05619436392914649,29.218407596786,0.85344
Conyza canadensis,0.058980689655172405,22.5870464384101,0.524473039215686
Conyza bonariensis,0.09666500000000001,12.699999999999998,0.4451
Conyza sumatrensis,0.12660660301316973,18.94207049230673,0.743125
Aster meyendorffii,0.2441912426780551,16.416709675046256,1.1931363679412577
Aster yomena,0.2441912426780551,15.92500800679118,1.2173632608988372
Aster pilosus,0.2441912426780551,16.25114499044575,1.1931363679412577
Aster scaber,0.19274658513520482,31.673498145000007,1.166373505448512
Aster subulatus,0.145245714285714,11.494252873563202,0.830971428571429
Aster koraiensis,6.218,3.2417,29.999999999999996
Aster pseudoglehnii,0.9443018017244886,10.24421942299867,3.621269570545101
Aster ageratoides,0.9443018017244886,10.24421942299867,3.621269570545101
Aster spathulifolius,0.11081155492069314,24.728799055812818,0.6931673637884983
Aster tataricus,0.11081155492069314,24.728799055812818,0.6931673637884983
Rhynchospermum verticillatum,1.2737258398596387,24.69301909313296,0.6637606432632058
Artemisia japonica,0.06,19.940388799418034,1.5
Artemisia keiskeana,0.057471241927992786,20.624756601933967,1.2280007769366594
Artemisia capillaris,0.0547291305273902,19.937193275,1.171939124124562
Artemisia annua,0.034159999999999996,31.851999999999997,0.95
Artemisia lancea,0.06003626668862904,14.951648010361941,1.0531557409252574
Artemisia selengensis,0.06003626668862904,14.951648010361941,1.0531557409252574
Artemisia codonocephala,0.06003626668862904,14.951648010361941,1.0531557409252574
Artemisia feddei,0.06003626668862904,14.951648010361941,1.0531557409252574
Artemisia princeps,0.07000000000000002,15.651462773981494,0.880266666666667
Artemisia indica,0.07468259239481366,15.718560436150577,0.9598792777587276
Artemisia sylvatica,0.07468259239481366,15.718560436150577,0.9598792777587276
Artemisia montana,0.07235664989071318,15.684975726056733,0.9598792777587276
Artemisia stolonifera,0.07235664989071318,15.684975726056733,0.9598792777587276
Chrysanthemum zawadzkii,0.3551667469698598,14.673842343372833,1.61751837477057
Chrysanthemum indicum,0.36,10.892173098602159,3.091566554353301
Chrysanthemum oreastrum,0.15615012684614787,20.76982001518505,0.8432152779899014
Achillea alpina,2.316388869007155,35.15025652512655,0.685887036754389
Senecio vulgaris,0.16203339575799608,29.922272092901885,0.575711911803488
Erechtites hieraciifolius,0.332,29.845876804157527,0.575474681490972
Crassocephalum crepidioides,0.16203339575799608,29.736578278574996,0.5736164407802447
Syneilesis palmata,1.0890477597601733,30.817177054266942,0.6561639316393817
Farfugium japonicum,1.0890477597601733,30.817177054266942,0.6561639316393817
Parasenecio koraiensis,2.586620615854057,33.55150065904825,0.6884253460656097
Parasenecio auriculatus,2.586620615854057,33.55150065904825,0.6884253460656097
Parasenecio firmus,2.586620615854057,33.55150065904825,0.6884253460656097
Parasenecio adenostyloides,1.0841267426538055,30.809328522347318,0.6561639316393817
Ligularia jamesii,1.0454819801611797,30.749450525966942,0.6521396092711573
Ligularia jaluensis,1.0454819801611797,30.749450525966942,0.6521396092711573
Ligularia fischeri,4.590800000000001,31.110640961909734,0.6975954538085642
Petasites japonicus,0.049999999999999996,28.7023535805359,0.6
Youngia japonica,0.0764,27.466188647272876,0.8132945317782075
Crepidiastrum chelidoniifolium,0.1828754754195766,28.091343020314962,0.7950287160315263
Crepidiastrum sonchifolium,0.1828754754195766,28.091343020314962,0.7950287160315263
Crepidiastrum denticulatum,0.1932,33.125220860000006,1
Ixeridium dentatum,0.09280000000000001,27.605516408049645,0.8132945317782075
Ixeris polycephala,0.2232,28.03699920313981,0.7972790461831941
Taraxacum platycarpum,0.13488238285355564,27.476472154465934,0.852194534063195
Taraxacum officinale,0.13488238285355564,27.476472154465934,0.852194534063195
Hypochaeris radicata,0.2807119012846812,24.14080840663414,0.9156582415645451
Prenanthes ochroleuca,0.2807119012846812,24.14080840663414,0.9156582415645451
Sonchus asper,0.5597133451646091,22.548991941187982,0.9420643187695851
Sonchus oleraceus,0.5597133451646091,22.548991941187982,0.9420643187695851
Lactuca triangulata,0.6220391709867616,22.31504815800795,0.9010034841119475
Lactuca scariola,0.553213641463415,19.9445989039148,0.94975
Lactuca indica,0.7362,22.29851603691973,2.16666666666667
Lactuca raddeana,0.7055615126516803,22.413664518833098,1.2045407290830854
Hieracium umbellatum,0.431561904785714,21.610070800373997,0.47243333333
Scorzonera albicaulis,0.6604507118309045,22.926153735955907,0.7429123398780884
Ainsliaea acerifolia,1.7282929992553717,21.898897445792205,0.8106758948640782
Ainsliaea apiculata,1.7282929992553717,21.898897445792205,0.8106758948640782
Rhaponticum uniflorum,2.4902952305783344,21.641663857093246,1.0482967991031553
Saussurea conandrifolia,2.535841241199409,21.928666557232876,0.890367424667546
Saussurea macrolepis,2.535841241199409,21.928666557232876,0.890367424667546
Saussurea tanakae,2.535841241199409,21.928666557232876,0.890367424667546
Saussurea seoulensis,2.535841241199409,21.928666557232876,0.890367424667546
Saussurea lyrata,2.535841241199409,21.928666557232876,0.890367424667546
Saussurea pulchella,2.5600914798749037,22.05168192391413,0.9226077289862195
Saussurea grandifolia,2.5600914798749037,22.05168192391413,0.9226077289862195
Saussurea gracilis,2.5600914798749037,22.05168192391413,0.9226077289862195
Cirsium pendulum,2.370936398670426,21.845839532163968,1.2
Breea segetum,1.35152765957447,18.9325542653445,0.82937153611484
Cirsium setidens,3.5008000000000004,22.025340172366278,0.8858674684510462
Carduus crispus,1.9206344669514426,21.38976427851141,0.954206748108396
Synurus deltoides,4.0972,22.21430885729621,1.2
Atractylodes ovata,2.4902952305783344,21.786649552450992,1.0244014781805926
Echinops setifer,2.416273465278926,21.83602495105697,1.022535475037644
Leibnitzia anandria,1.9947031532599118,22.04112448677235,0.9363152515138112
Adenocaulon himalaicum,1.9947031532599118,22.04112448677235,0.9363152515138112
Peracarpa carnosa,0.6407815332531345,25.4115372735614,0.19748852103541337
Campanula punctata,0.6757782193469265,26.042421743081015,0.1875558363520754
Asyneuma japonicum,0.6180261914415014,26.165349878643262,0.19310863292631078
Adenophora polyantha,0.4905662158865855,33.33847092827004,0.21415605257824552
Adenophora stricta,0.4905662158865855,33.33847092827004,0.21415605257824552
Adenophora liliifolia,0.4905662158865855,33.33847092827004,0.21415605257824552
Adenophora divaricata,0.46766807926654796,33.368365204196174,0.20851309983207172
Adenophora verticillata,0.283,45.7643612100691,0.20205035468042604
Adenophora remotiflora,0.46712638167317183,33.134727617969304,0.20847412792855685
Adenophora grandiflora,0.46712638167317183,33.134727617969304,0.20847412792855685
Hanabusaya asiatica,0.46258718940835436,33.183025411520816,0.20567814997968686
Codonopsis ussuriensis,0.6710387598256718,25.791645530445276,0.19397410528913736
Codonopsis lanceolata,0.6710387598256718,25.791645530445276,0.19397410528913736
Platycodon grandiflorus,0.918451666666667,19.82067103,0.05415384615384619
Lobelia sessilifolia,0.6407815332531345,25.4115372735614,0.19748852103541337
Sillaphyton podagraria,0.56305997168439,39.58869659890027,0.3860933020852171
Cymopterus melanotilingia,3.32696320004532,33.131437368439144,0.4829938133513746
Angelica amurensis,3.146534964057295,31.993749901143435,0.4815141052634872
Angelica reflexa,3.146534964057295,31.993749901143435,0.4815141052634872
Angelica decursiva,3.146534964057295,31.993749901143435,0.4815141052634872
Glehnia littoralis,3.3833645102704066,31.887513653716685,0.4492094704091303
Angelica gigas,3.2351999999999994,31.905964874390417,0.4486543340550731
Angelica cartilaginomarginata,3.3141165989552315,31.883969424528836,0.47765088487370166
Angelica polymorpha,3.32696320004532,31.883969424528836,0.47765088487370166
Angelica dahurica,3.146534964057295,31.993749901143435,0.4815141052634872
Peucedanum terebinthaceum,2.899938289046926,36.50793861,0.46577375083427164
Ostericum sieboldii,3.146534964057295,32.14052691609299,0.4815141052634872
Ostericum grosseserratum,3.146534964057295,32.14052691609299,0.4815141052634872
Peucedanum insolens,3.464882139656351,33.326239136535705,0.49370781278106124
Dystaenia takesimana,3.464882139656351,33.326239136535705,0.49370781278106124
Heracleum moellendorffii,3.380359356771929,31.637253335265967,0.5014544647821224
Pimpinella koreana,3.4088684955778485,30.05474296770331,0.5652058003349484
Pimpinella komarovii,3.4088684955778485,30.05474296770331,0.5652058003349484
Pimpinella hallaisanensis,3.4088684955778485,30.05474296770331,0.5652058003349484
Pimpinella brachycarpa,3.912,30.046134188933593,0.5641596315504535
Torilis japonica,1.83193333333333,26.3566666666667,0.592433333333333
Osmorhiza aristata,2.975188351825897,29.52478120915022,0.5704219804894233
Anthriscus sylvestris,3.7394864864864905,30.34996747635161,0.597451680672269
Cryptotaenia japonica,2.1167232282599335,27.46102790133971,0.5542070269978653
Sium suave,2.1167232282599335,27.46102790133971,0.5542070269978653
Oenanthe javanica,2.1167232282599335,27.46102790133971,0.5542070269978653
Bupleurum longeradiatum,2.288447693541096,31.117153979755063,0.4974031902075358
Bupleurum falcatum,2.8983458333125,22.3212141821296,0.527957746478873
Sanicula tuberculata,1.4699614265252896,41.25189412842452,0.44755590870435186
Sanicula rubriflora,1.4699614265252896,41.25189412842452,0.44755590870435186
Sanicula chinensis,1.4893990625335958,54.34485647000001,0.5
Aralia cordata,0.527135555587536,37.967328554505805,0.38223915852141566
Hydrocotyle maritima,0.5118701707147267,38.23015046885049,0.38223248192115405
Hydrocotyle sibthorpioides,0.286,38.90420506616995,0.37611202250817577
Hydrocotyle ramiflora,0.5176640458778073,38.295903292259005,0.38223248192115405
Valeriana dageletiana,0.8642436418490724,35.219965295471916,0.2712489677150636
Valeriana fauriei,0.8642436418490724,35.219965295471916,0.2712489677150636
Patrinia scabiosifolia,0.8066,35.2104828856051,0.26535537357526817
Patrinia villosa,0.8642436418490724,35.2104828856051,0.2712489677150636
Patrinia saniculifolia,0.8642436418490724,35.2104828856051,0.2712489677150636
Scabiosa tschiliensis,0.8742936012997569,34.59595994218143,0.2736471332325494
Pseudolysimachion longifolium,0.3854900757827628,27.3741629615945,0.2872240694945424
Pseudolysimachion pyrethrinum,0.3854900757827628,27.3741629615945,0.2872240694945424
Pseudolysimachion dauricum,0.3854900757827628,27.3741629615945,0.2872240694945424
Clinopodium multicaule,0.5294218255415752,23.368023556551925,0.26139718548569635
Clinopodium gracile,0.5294218255415752,23.368023556551925,0.26139718548569635
Mentha canadensis,0.5294218255415752,23.368023556551925,0.26139718548569635
Prunella asiatica,0.788349387856702,26.6890422902645,0.13208962149450504
Nepeta cataria,0.533345,14.618102370000004,0.675916666666667
Agastache rugosa,0.4274,23.664142581582706,0.2550008982394288
Meehania urticifolia,0.5316089966064151,23.389854177397183,0.26139718548569635
Glechoma grandis,0.5316089966064151,23.389854177397183,0.26139718548569635
Lycopus lucidus,0.4776382691106906,21.181709147112382,0.45030990340947036
Salvia chanryoenica,0.47034049104977155,21.206240542186386,0.43961569319173
Salvia japonica,0.47034049104977155,21.206240542186386,0.43961569319173
Salvia chanroenica,0.47034049104977155,21.206240542186386,0.43961569319173
Salvia plebeia,0.47034049104977155,21.206240542186386,0.43961569319173
Isodon inflexus,0.8,20.722193042533075,1.5
Isodon excisus,0.5168907028795272,19.94057973418977,1.5
Isodon japonicus,0.4118594961394324,20.601388170101714,1.035013926017913
Elsholtzia ciliata,0.21499999999999997,21.96690425798157,0.375
Elsholtzia splendens,0.29999999999999993,21.80955475531449,0.5291719344690305
Mosla dianthera,0.2948,21.80955475531449,0.5291719344690305
Mosla punctulata,0.28085796866504703,21.80955475531449,0.5291719344690305
Ajuga spectabilis,0.22463643019632223,20.76453094882335,1.0185535215740948
Ajuga decumbens,0.22463643019632223,20.76453094882335,1.0185535215740948
Lamium amplexicaule,0.570768761111111,22.666,0.196428571428571
Leonurus macranthus,0.48659673811283033,21.73292998143806,0.45581237082234954
Leonurus japonicus,0.934346666666667,21.148079650537294,1
Phlomis umbrosa,0.4118594961394324,20.601388170101714,1.035013926017913
Stachys japonica,0.22463643019632223,20.701322649204492,1.0143369395291075
Scutellaria insignis,0.22463643019632223,20.701322649204492,1.0143369395291075
Scutellaria strigillosa,0.22463643019632223,20.701322649204492,1.0143369395291075
Scutellaria indica,0.14,20.98404428555153,1.0146011198490312
Pedicularis resupinata,0.24977582802248066,22.50313103109647,0.3631233797260017
Phtheirospermum japonicum,0.24977582802248066,22.50313103109647,0.3631233797260017
Melampyrum setaceum,0.24977582802248066,22.50313103109647,0.3631233797260017
Melampyrum roseum,0.25023569384007166,22.622414611401943,0.20000000000000004
Mazus pumilus,0.24907897005295543,22.50313103109647,0.3642235882799724
Strobilanthes oliganthus,0.3288819487143279,22.826362930270985,0.37348060247083437
Justicia procumbens,0.3288819487143279,22.826362930270985,0.37348060247083437
Tripora divaricata,0.3288819487143279,23.107143975894804,0.3604301601793821
Scrophularia takesimensis,0.3854900757827628,27.3741629615945,0.2872240694945424
Scrophularia koraiensis,0.3854900757827628,27.3741629615945,0.2872240694945424
Scrophularia kakudensis,0.3854900757827628,27.3741629615945,0.2872240694945424
Plantago asiatica,0.605,26.9519027019393,0.053494445000000015
Trigonotis icumae,0.567049569056101,26.930281170174425,0.526292318911843
Trigonotis peduncularis,0.567049569056101,26.930281170174425,0.526292318911843
Brachybotrys paridiformis,0.567049569056101,26.981151362543983,0.5200920942425791
Lithospermum zollingeri,0.5505663967634545,26.848412654465186,0.5392714956699332
Lithospermum erythrorhizon,0.5505663967634545,26.848412654465186,0.5392714956699332
Galium maximowiczii,0.5176680749205377,27.93835552872948,0.7158075741415716
Galium koreanum,0.2368,28.293369021421977,0.6350015099001417
Galium spurium,2.11803555555556,28.68073564895763,0.588888888888889
Galium paradoxum,0.35909954151952367,28.115323133660713,0.6791997330160693
Galium kinuta,0.35574689145666943,28.115323133660713,0.6631018808736632
Galium trachyspermum,0.2368,28.293369021421977,0.6350015099001417
Galium dahuricum,0.30534399298933707,28.37468079429047,0.6548684881871838
Galium pogonanthum,0.2368,28.293369021421977,0.6350015099001417
Galium trifloriforme,0.4332920824319844,28.183878592879882,0.6849038389372982
Galium kamtschaticum,0.443152438885616,28.115323133660713,0.6757616882204848
Galium trifidum,0.443152438885616,28.115323133660713,0.6757616882204848
Galium odoratum,0.443152438885616,28.115323133660713,0.6757616882204848
Asperula lasiantha,0.9170685523461181,27.02285789706728,1.0227576770133808
Asperula odorata,0.9170685523461181,27.02285789706728,1.0227576770133808
Asperula maximowiczii,0.9170685523461181,27.02285789706728,1.0227576770133808
Rubia hexaphylla,0.6837843772529991,26.81692330102971,1.1886182950030708
Rubia pubescens,0.6837843772529991,26.81692330102971,1.1886182950030708
Rubia chinensis,0.6837843772529991,26.81692330102971,1.1886182950030708
Rubia akane,0.6837843772529991,26.81692330102971,1.1886182950030708
Rubia cordifolia,4.1,26.645704301031444,1.5
Rubia argyi,0.6837843772529991,26.81692330102971,1.1886182950030708
Mitchella undulata,0.2102704542921358,26.86036635254857,1.103364770053531
Cynanchum atratum,0.23848433992694384,26.73695085309739,1.1761666198977414
Cynanchum amplexicaule,0.23848433992694384,26.73695085309739,1.1761666198977414
Cynanchum ascyrifolium,0.23848433992694384,26.73695085309739,1.1761666198977414
Cynanchum paniculatum,0.23848433992694384,26.73695085309739,1.1761666198977414
Metaplexis japonica,0.514824911966223,26.003303400644363,2
Cynanchum wilfordii,0.23848433992694384,26.73695085309739,1.1761666198977414
Marsdenia tomentosa,0.2231632303940347,26.86036635254857,1.103364770053531
Swertia japonica,0.22477211982384085,26.73695085309739,1.1761666198977414
Swertia squarrosa,0.22477211982384085,26.73695085309739,1.1761666198977414
Swertia pseudochensis,0.04000000000000001,26.782991887167945,1.0470162962145952
Swertia scabra,0.22477211982384085,26.73695085309739,1.1761666198977414
Gentiana zollingeri,0.22258235617553163,26.73695085309739,1.1522361387227662
Gentiana squarrosa,0.22258235617553163,26.73695085309739,1.1522361387227662
Gentiana triflora,0.22258235617553163,26.73695085309739,1.1522361387227662
Gentiana scabra,0.22258235617553163,26.73695085309739,1.1522361387227662
Tripterospermum japonicum,0.2427633285076717,26.9631860157987,1.0147696063169254
Solanum lyratum,0.94,26.625955063127545,1.0397879377608559
Scopolia japonica,0.37672866602605876,27.015418495052387,0.9691168556737436
Calystegia hederacea,0.37672866602605876,27.015418495052387,0.9919790964626778
Cuscuta australis,0.37672866602605876,27.015418495052387,0.9919790964626778
Cuscuta japonica,0.37672866602605876,27.015418495052387,0.9919790964626778
Pyrola japonica,0.004662200000000001,29.800042764690456,0.15
Chimaphila japonica,0.052741657816628165,29.704706056985057,0.2426507607020521
Monotropa uniflora,0.052741657816628165,29.704706056985057,0.2426507607020521
Primula sieboldii,0.17473282255143915,30.87955399526176,0.31358825284897784
Androsace umbellata,0.17473282255143915,30.87955399526176,0.31358825284897784
Lysimachia barystachys,0.17473282255143915,30.87955399526176,0.31358825284897784
Lysimachia japonica,0.17473282255143915,30.87955399526176,0.31358825284897784
Lysimachia clethroides,0.30996,30.624535209335765,0.4
Lysimachia davurica,0.17473282255143915,30.87955399526176,0.31358825284897784
Impatiens textori,5.03,30.629064177990116,0.36549495791359804
Impatiens noli-tangere,1.221172011013688,29.618187470922653,0.3269367352388091
Impatiens textorii,1.221172011013688,29.618187470922653,0.3269367352388091
Kirengeshoma koreana,0.5147819061301535,29.05098366103438,0.37116356059171174
Tetragonia tetragonoides,0.6436714797062044,28.22566261523744,0.37530049328572035
Lychnis cognata,0.994930876608719,27.95395169646875,0.42745372504257617
Silene firma,0.2512,33.92595460967228,0.8
Pseudostellaria davidii,0.4108994317352147,34.079323734522625,0.6810081816326077
Silene seoulensis,0.4546327192701057,29.728494432163863,0.5841487304913033
Silene baccifera,0.22338342123028682,27.752243402485252,0.37626697925569175
Dianthus chinensis,0.22302055894309464,28.0509711736671,0.36541920256484267
Gypsophila oldhamiana,0.22302055894309464,28.0509711736671,0.36541920256484267
Arenaria serpyllifolia,0.07129121951219511,21.4630419824555,0.143857142857143
Stellaria aquatica,0.18968571428571404,49.49999999999999,0.47812499999999997
Pseudostellaria coreana,0.44657793286823194,35.03633330415107,0.5702379473851124
Pseudostellaria setulosa,0.44657793286823194,35.03633330415107,0.5702379473851124
Pseudostellaria palibiniana,0.44657793286823194,35.03633330415107,0.5702379473851124
Pseudostellaria monantha,0.44657793286823194,35.03633330415107,0.5702379473851124
Pseudostellaria heterophylla,0.44657793286823194,35.03633330415107,0.5702379473851124
Chenopodium album,0.697120179452055,27.430496680423193,0.471608843537415
Achyranthes japonica,2.03,29.46333059961608,0.47941116866071903
Rumex acetosa,0.8755216062679747,28.024223358268433,0.43991065500756815
Polygonum viscosum,3.0761857399651524,36.12334661873131,0.6541622435558163
Polygonum muricatum,3.243262320874672,36.39687372808351,0.6513900887323718
Polygonum viscoferum,3.0874812164737833,35.57969326899008,0.6758938367064828
Polygonum dissitiflorum,4.362313226759399,36.49259360262684,0.6653920846383409
Polygonum pubescens,2.899357370684519,35.754654506823606,0.623536634177847
Polygonum perfoliatum,19.6417333333333,34.227235800865955,0.7010514553884439
Polygonum praetermissum,3.6937119314625644,36.33578427501406,0.6351182113867749
Polygonum japonicum,3.5645288218964795,35.363098297938265,0.6481193328815943
Polygonum posumbu,1.5,34.14934970321146,0.6251172654861119
Polygonum nepalense,4.588013188062563,36.10062280241033,0.6477676279021677
Polygonum filiforme,2.08,35.32120525325633,0.6153229701381832
Polygonum lapathifolium,4.040740610066039,36.599466401242815,0.6443430020520586
Polygonum thunbergii,7.2292,41.84100418410039,0.6
Polygonum senticosum,4.373176838661935,35.55304150692574,0.6750057413350224
Polygonum aviculare,1.64361750689655,22.5531145793896,0.438972602739726
Fallopia ciliinervis,1.60615012848979,31.918919237027122,0.936289628713435
Fallopia japonica,1.60615012848979,31.918919237027122,0.936289628713435
Fallopia dentatoalata,1.956033770373444,32.10006712482304,0.9886764251055408
Fallopia dumetorum,3.16802857142857,31.231999999999996,1.90454545454545
Persicaria conspicua,2.9548116854221687,37.65683165121168,0.6456760714348311
Persicaria praetermissa,2.9548116854221687,37.65683165121168,0.6456760714348311
Persicaria muricata,2.9548116854221687,37.65683165121168,0.6456760714348311
Persicaria filiformis,2.08,37.12394157559263,0.6424067007513812
Polygonum longisetum,1.33,36.792187990836425,0.6306034112674855
Persicaria longiseta,1.33,36.792187990836425,0.6306034112674855
Persicaria posumbu,1.3977708422475177,36.792187990836425,0.6306034112674855
Polygonum hydropiper,1.9904,39.69987373737371,0.67680785923871
Persicaria hydropiper,1.9904,39.69987373737371,0.67680785923871
Persicaria maculosa,2.2164802179800196,38.823717591086734,0.6666818321959723
Persicaria lapathifolia,2.9277579895798875,38.62508275743871,0.674355701551869
Persicaria viscosa,3.04254307439064,37.47534739572575,0.6862862083019695
Persicaria hastatosagittata,3.04254307439064,37.47534739572575,0.6862862083019695
Persicaria thunbergii,3.04254307439064,37.47534739572575,0.6862862083019695
Persicaria dissitiflora,3.04254307439064,37.47534739572575,0.6862862083019695
Persicaria senticosa,3.04254307439064,37.47534739572575,0.6862862083019695
Polygonum sagittatum,3.17026280193237,37.01146722103899,0.752047058823529
Persicaria perfoliata,2.9277579895798875,38.62508275743871,0.674355701551869
Persicaria nepalensis,4.081664748885801,35.59096927985789,0.6434393970982851
Vicia anguste-pinnata,7.516470181057559,36.53653269886438,0.2720896532977329
Vicia chosenensis,7.516470181057559,36.53653269886438,0.2720896532977329
Vicia sativa,17.46536740218401,35.74176515463498,0.28146426214422376
Vicia venosa,8.323984532057375,37.983224112637615,0.2605163543405668
Vicia nipponica,8.323984532057375,37.983224112637615,0.2605163543405668
Vicia unijuga,8.87,41.719792819999995,0.261596124334975
Vicia amoena,24.284146743983175,34.61623432206656,0.3217947657271514
Vicia cracca,14.114300916233821,35.9557203214074,0.2709728255792003
Lathyrus davidii,7.4668959700228585,36.391866379869775,0.2415949546281303
Astragalus membranaceus,6.728820979068652,36.46766473073999,0.2757284228714122
Glycine soja,172.44612833610503,32.87272393516359,0.22958
Dumasia truncata,18.97348728491351,35.67519730270418,0.2821051004015646
Desmodium oldhamii,3.5466921235125035,35.36265592808747,0.26128500507354274
Desmodium podocarpum,3.0086950275178297,20.909855029051815,0.45730249416372043
Hylodesmum podocarpum,3.0086950275178297,20.909855029051815,0.45730249416372043
Hylodesmum oldhamii,3.484113599016682,31.603744786215923,0.2891217738608249
Lespedeza davurica,7.07,16.7186492836933,0.6527452805879493
Lespedeza cuneata,1.6565,21.976623159407698,0.580535294117647
Lespedeza pilosa,2.204050815597937,18.171005134832576,0.4761494153727962
Lespedeza tomentosa,1.86,14.484745760000003,0.5988154222240664
Kummerowia striata,1.99622299008032,34.77089699,0.18288
Rhynchosia acuminatifolia,7.270672507291122,36.71314005214764,0.24104614041142228
Rhynchosia volubilis,7.270672507291122,36.71314005214764,0.24104614041142228
Dunbaria villosa,7.556768370378494,36.391866379869775,0.2415949546281303
Aeschynomene indica,7.664095384615381,23.020879291068063,1.4
Sophora flavescens,35.03999999999999,16.41191648,5.000000000000001
Chamaecrista nomame,4.401502306898814,26.03852158166474,0.748144815127085
Polygala tenuifolia,2.703483480971178,30.96965074448401,0.47564596135221093
Polygala japonica,2.703483480971178,30.96965074448401,0.47564596135221093
Duchesnea chrysantha,4.8471906350653065,36.06555633856985,0.26090699673260653
Duchesnea indica,4.8471906350653065,36.06555633856985,0.26090699673260653
Potentilla supina,0.19370814328602107,19.210311345784262,0.113314295333255
Potentilla kleiniana,0.19370814328602107,19.210311345784262,0.113314295333255
Potentilla dickinsii,0.19370814328602107,19.210311345784262,0.113314295333255
Potentilla anserina,0.19370814328602107,19.210311345784262,0.113314295333255
Potentilla chinensis,0.2723083482364878,16.409022660000005,0.15765275644096768
Potentilla yokusaiana,0.19370814328602107,19.210311345784262,0.113314295333255
Potentilla fragarioides,0.20084197115363106,19.210311345784262,0.049241919230769184
Potentilla discolor,0.19370814328602107,19.210311345784262,0.113314295333255
Potentilla anemonifolia,0.1,19.049269268999144,0.11456429129715695
Potentilla cryptotaeniae,0.19370814328602107,19.210311345784262,0.113314295333255
Potentilla squamosa,0.3612452917468215,19.328048903197566,0.1294068208811234
Potentilla freyniana,0.22000000000000003,19.36379365536454,0.12260887824874972
Potentilla centigrana,1.8243277796062605,21.10793752397975,0.46455938049495404
Sanguisorba stipulata,1.9037706877868354,21.16969409900759,0.4687850895840902
Sanguisorba hakusanensis,1.3444,21.224401890090817,0.4512218620258584
Sanguisorba officinalis,2.26431699347059,21.525297559742103,0.459534013650794
Agrimonia coreana,3.0186136531405703,24.13620856929117,0.5069059346087597
Agrimonia pilosa,15.388599999999997,36.36528187500001,0.6
Geum japonicum,2.4332,23.689006360025353,0.41092156435975596
Geum aleppicum,1.19082857142857,22.700759000374447,0.4
Filipendula glaberrima,4.4501995046519065,35.76088730034121,0.23581769153078178
Fatoua villosa,6.629841000666873,31.331177108236453,0.393599109723946
Pilea japonica,5.440221857938515,37.095288015734404,0.23020369948571848
Pilea mongolica,2.4435,39.5256916996047,0.23505066829770674
Pilea peploides,5.440221857938515,37.095288015734404,0.23020369948571848
Urtica laetevirens,6.976614658636633,37.27880472338103,0.2544086780068361
Urtica thunbergiana,6.976614658636633,37.27880472338103,0.2544086780068361
Urtica angustifolia,6.04776401923947,37.33051875025414,0.2610824715738402
Nanocnide japonica,5.455940715807742,37.0655601208146,0.2429268746196292
Boehmeria pannosa,4.958754009657949,37.03228742632289,0.24393980767289392
Boehmeria longispica,4.958754009657949,37.03228742632289,0.24393980767289392
Boehmeria tricuspis,4.958754009657949,37.03228742632289,0.24393980767289392
Boehmeria platanifolia,4.958754009657949,37.03228742632289,0.24393980767289392
Boehmeria japonica,4.958754009657949,37.03228742632289,0.24393980767289392
Humulus japonicus,16.133333333333297,24.081848815466252,0.8767318395716255
Melothria japonica,3.3974881616066854,26.571605885317286,0.7166764259660776
Schizopepon bryoniifolius,3.3974881616066854,26.571605885317286,0.7166764259660776
Trichosanthes kirilowii,3.3974881616066854,26.571605885317286,0.7166764259660776
Gynostemma pentaphyllum,3.1118645036270682,28.517228577258177,0.6725336282524984
Actinostemma lobatum,3.1118645036270682,28.517228577258177,0.6725336282524984
Hypericum laxum,0.17895926964832207,37.42099971810974,0.237552946677998
Hypericum erectum,0.056399999999999985,36.487766558763184,0.21645038034752237
Hypericum ascyron,0.1322138363760763,37.45138350789834,0.22455523952471274
Viola boissieuana,0.3686270851542604,38.30269566770396,0.20422938231341997
Viola ovato-oblonga,0.3686270851542604,38.30269566770396,0.20422938231341997
Viola yedoensis,0.3686270851542604,38.30269566770396,0.20422938231341997
Viola acuminata,0.3679393798437948,45.209874754999994,0.20350384153660994
Viola seoulensis,0.3686270851542604,38.30269566770396,0.20422938231341997
Viola verecunda,0.3686270851542604,38.30269566770396,0.20422938231341997
Viola kusanoana,1.5072401994438012,34.292362779252706,0.12434028800092083
Viola grypoceras,1.5072401994438012,34.292362779252706,0.12434028800092083
Viola collina,2.7752,33.78012726555749,0.08622222222222221
Viola orientalis,1.5382422840056675,33.644838276589034,0.1293009063123999
Viola rossii,0.9617242669069861,34.8556465301431,0.13057855448029485
Viola diamantiaca,0.9617242669069861,34.8556465301431,0.13057855448029485
Viola variegata,0.8552819271326161,34.98821838999999,0.15362704243785003
Viola mandshurica,0.8088,33.91024301385061,0.14258803561256034
Viola lactiflora,0.9292968957285821,34.10349878107317,0.15129020421076314
Viola phalacrocarpa,0.9292968957285821,33.675506629564076,0.14669153683084868
Viola patrinii,0.9292968957285821,33.675506629564076,0.14669153683084868
Viola hirtipes,0.8953840296741038,34.57241132185307,0.13743820306346463
Viola selkirkii,0.61,34.638120085112014,0.1
Viola albida,0.96142313297795,34.295192140809576,0.13575702049646146
Viola japonica,0.96142313297795,34.295192140809576,0.13575702049646146
Viola keiskei,1.5382422840056675,33.644838276589034,0.1293009063123999
Euphorbia esula,0.5719892049274863,37.02217795015214,0.25006253377926757
Euphorbia sieboldiana,0.5719892049274863,37.02217795015214,0.25006253377926757
Euphorbia pekinensis,0.43245436410434146,37.39748268072052,0.26249590875438644
Acalypha australis,0.99,37.02197621767555,0.28427097764436327
Mercurialis leiocarpa,0.5870402309651844,37.02217795015214,0.25276217487118696
Oxalis obtriangulata,0.732683830742084,34.88703530604733,0.27845377987193964
Berteroella maximowiczii,0.43599769245793163,30.434119397932186,0.44811647654904313
Sisymbrium luteum,0.22946002643358349,31.579538875959752,0.4250340036768449
Draba nemorosa,0.22946002643358349,31.579538875959752,0.4250340036768449
Dontostemon dentatus,0.22946002643358349,31.579538875959752,0.4250340036768449
Erysimum amurense,0.17757762193839935,31.566665915017893,0.40878151525716455
Capsella bursa-pastoris,0.11943553191489402,30.262206339193607,0.236757633587786
Arabis glabra,0.07848873225527842,27.980499999999996,0.6825
Cardamine komarovii,0.1502978987478505,37.87787773674577,0.2770337653715865
Cardamine amariformis,0.1502978987478505,37.87787773674577,0.2770337653715865
Cardamine flexuosa,0.15613,41.25000000000001,0.289285714285714
Cardamine scutata,0.16770741509273712,35.90453782090299,0.25673948113640865
Cardamine fallax,0.09570000000000001,36.77,0.14749999999999996
Cardamine leucantha,0.16992340993979158,35.705621378092395,0.24241883664568994
Cardamine impatiens,0.217987942857143,33.8,0.467307692307692
Rorippa indica,0.17736771461814407,32.287641084090176,0.31430955889293877
Corchoropsis tomentosa,1.9496424503007395,28.461804915122073,0.48440499868481024
Corchoropsis psilocarpa,1.9496424503007395,28.461804915122073,0.48440499868481024
Dictamnus dasycarpus,15.266192007692302,23.464999999999996,0.70625
Circaea mollis,3.142419026672584,26.994436178070117,0.5490011199613128
Circaea cordata,3.142419026672584,26.994436178070117,0.5490011199613128
Circaea alpina,3.142419026672584,26.994436178070117,0.5490011199613128
Rotala indica,2.06258065844087,28.879669504611638,0.41384005588134043
Geranium knuthii,2.06258065844087,28.879669504611638,0.41384005588134043
Geranium thunbergii,2.5440834763878315,28.83050496011641,0.4469076851087937
Geranium wilfordii,2.5440834763878315,28.83050496011641,0.4469076851087937
Geranium sibiricum,2.93274,29.455372266622113,0.35
Cayratia japonica,16.390000000000004,32.81002754637129,0.3637100564660909
Sedum takesimense,0.2881103606125534,37.66586985064038,0.22447944474349474
Sedum aizoon,0.2881103606125534,37.66586985064038,0.22447944474349474
Sedum polytrichoides,0.34015044068774947,35.91291533643587,0.2188775865305466
Sedum sarmentosum,0.34015044068774947,35.91291533643587,0.2188775865305466
Sedum bulbiferum,0.3218849766054614,36.58177771460136,0.2176561339086094
Sedum middendorffianum,0.2736668579020303,37.66586985064038,0.20000000000000004
Sedum kamtschaticum,0.2736668579020303,37.66586985064038,0.20000000000000004
Orostachys minuta,0.2881103606125534,37.66586985064038,0.22447944474349474
Hylotelephium erythrostictum,0.2881103606125534,37.66586985064038,0.22447944474349474
Haloragis micrantha,0.3221136949200285,36.43408904123998,0.21882858800051722
Saxifraga oblongifolia,0.2881103606125534,36.98255223555586,0.21827029637819836
Chrysosplenium barbatum,0.33884168386121,35.91291533643587,0.2188775865305466
Chrysosplenium pseudofauriei,0.33884168386121,35.91291533643587,0.2188775865305466
Chrysosplenium grayanum,0.34179970014206007,36.022740656596106,0.2188775865305466
Chrysosplenium japonicum,0.34179970014206007,36.022740656596106,0.2215807448281574
Chrysosplenium flagelliferum,0.34179970014206007,36.022740656596106,0.2215807448281574
Mukdenia rossii,0.3567249628844945,35.466907930000005,0.22334934073698823
Rodgersia podophylla,0.33884168386121,35.91291533643587,0.2188775865305466
Astilboides tabularis,0.33884168386121,35.91291533643587,0.2188775865305466
Astilbe koreana,0.2881103606125534,37.66586985064038,0.22447944474349474
Astilbe chinensis,0.06195313333333329,40.568266894999994,0.2292755062649572
Paeonia japonica,0.4219962498898596,36.51556949802599,0.2239262380938944
Paeonia lactiflora,0.4442682342501166,36.51556949802599,0.22597904595045018
Paeonia obovata,0.4442682342501166,36.51556949802599,0.22597904595045018
Megaleranthis saniculifolia,2.0823820908115658,29.873443854218717,0.32709676620919403
Cimicifuga austrokoreana,2.0969671051519265,29.78551058501811,0.32411720333407956
Cimicifuga foetida,2.0969671051519265,29.78551058501811,0.32411720333407956
Cimicifuga japonica,2.0969671051519265,29.78551058501811,0.32411720333407956
Cimicifuga simplex,2.0969671051519265,29.78551058501811,0.32411720333407956
Cimicifuga dahurica,2.0969671051519265,29.78551058501811,0.32411720333407956
Cimicifuga heracleifolia,2.0969671051519265,29.78551058501811,0.32411720333407956
Ranunculus japonicus,2.6935848963965188,32.4635172054699,0.19969056034467508
Ranunculus sceleratus,2.6935848963965188,32.4635172054699,0.19969056034467508
Anemone narcissiflora,2.712641371936664,32.68786552013654,0.17765673679679303
Anemone reflexa,2.5727173680156947,32.68786552013654,0.17765673679679303
Anemone raddeana,2.5727173680156947,32.68786552013654,0.17765673679679303
Anemone koraiensis,2.5727173680156947,32.68786552013654,0.17765673679679303
Hepatica insularis,2.5727173680156947,32.68786552013654,0.17765673679679303
Hepatica asiatica,3.36483333333333,37.295,0.092887323943662
Hepatica maxima,2.5727173680156947,32.68786552013654,0.17765673679679303
Pulsatilla cernua,2.696430011904356,32.4635172054699,0.1809947460648129
Adonis multiflora,2.6935848963965188,32.4635172054699,0.19969056034467508
Adonis amurensis,2.6935848963965188,32.4635172054699,0.19969056034467508
Caltha palustris,2.55635244781095,29.873280452963122,0.2622916370959571
Actaea asiatica,2.562222640975122,29.010961129711394,0.3592626730047713
Eranthis stellata,2.562222640975122,29.010961129711394,0.3592626730047713
Aconitum pseudolaeve,2.4355959018638766,29.02290426735842,0.3592626730047713
Aconitum villosum,2.562222640975122,29.010961129711394,0.3592626730047713
Aconitum austrokoreense,2.562222640975122,29.010961129711394,0.3592626730047713
Aconitum jaluense,2.562222640975122,29.010961129711394,0.3592626730047713
Aconitum longecassidatum,2.562222640975122,29.010961129711394,0.3592626730047713
Aconitum kusnezoffii,2.562222640975122,29.010961129711394,0.3592626730047713
Aconitum coreanum,2.4355959018638766,29.02290426735842,0.3592626730047713
Thalictrum minus,1.6600544,20.374515576433005,0.597565079366667
Thalictrum filamentosum,2.2730002139876304,28.72500487513106,0.36127241406350896
Thalictrum ichangense,2.2730002139876304,28.72500487513106,0.36127241406350896
Thalictrum uchiyamae,2.2730002139876304,28.72500487513106,0.36127241406350896
Semiaquilegia adoxoides,2.2764275320056067,28.72500487513106,0.3592714614304808
Caulophyllum robustum,2.066051800571848,31.765242936094495,0.3175150630648208
Epimedium koreanum,2.1513481421773477,31.782431860279136,0.3256135154959834
Jeffersonia dubia,2.1513481421773477,31.782431860279136,0.3256135154959834
Coreanomecon hylomeconoides,2.062528817217989,32.428753296398604,0.30970605239545174
Hylomecon vernalis,2.062528817217989,32.428753296398604,0.30970605239545174
Corydalis alata,2.0148749074355203,32.352315804366235,0.3178420669312345
Corydalis pauciovulata,2.0148749074355203,32.352315804366235,0.3178420669312345
Corydalis maculata,2.0148749074355203,32.352315804366235,0.3178420669312345
Corydalis ternata,2.0148749074355203,32.352315804366235,0.3178420669312345
Corydalis remota,2.0148749074355203,32.352315804366235,0.3178420669312345
Corydalis ambigua,2.193206286281857,31.60260283071076,0.32229259726153825
Corydalis incisa,2.191884862351129,31.61849003138039,0.32269199405820537
Corydalis ochotensis,2.191884862351129,31.61849003138039,0.32269199405820537
Corydalis speciosa,2.191884862351129,31.61849003138039,0.32269199405820537
Corydalis heterocarpa,2.191884862351129,31.61849003138039,0.32269199405820537
Corydalis pallida,2.193206286281857,31.60260283071076,0.32229259726153825
Dicentra spectabilis,2.035742384263638,32.462613048358826,0.3118323978537965
Lecanorchis japonica,7.188382058243233,25.32102585109342,0.4960024344945759
Gastrodia elata,7.188382058243233,25.32102585109342,0.4950989390180555
Gastrodia pubilabiata,7.188382058243233,25.32102585109342,0.4950989390180555
Amitostigma gracile,7.188382058243233,25.32102585109342,0.4960024344945759
Cymbidium goeringii,6.87684020047729,25.247048530518285,0.35102503369544535
Oreorchis patens,6.849255263971899,25.18518764092874,0.3468818563023516
Cremastra appendiculata,6.849255263971899,25.18518764092874,0.3468818563023516
Tipularia japonica,6.849255263971899,25.18518764092874,0.3468818563023516
Calanthe sieboldii,6.849180312652181,25.247048530518285,0.35102503369544535
Calanthe discolor,6.849180312652181,25.247048530518285,0.35102503369544535
Calanthe reflexa,6.87684020047729,25.247048530518285,0.35102503369544535
Liparis kumokiri,6.95833489725477,25.36436555821317,0.3541284559626419
Liparis makinoana,6.95833489725477,25.36436555821317,0.3541284559626419
Liparis krameri,6.95833489725477,25.36436555821317,0.3541284559626419
Bletilla striata,7.286187577555958,26.07272979806407,0.36831988593070736
Epipactis papillosa,7.8898480936830255,26.07479553542971,0.38086412839591693
Cephalanthera subaphylla,7.555219542429805,26.07272979806407,0.3758805944951166
Cephalanthera falcata,6.41582896230077,25.362556689054404,0.37497876980863715
Cephalanthera longibracteata,6.41582896230077,25.362556689054404,0.37497876980863715
Cephalanthera erecta,6.93388931746553,26.07272979806407,0.36831988593070736
Platanthera ussuriensis,7.697090702999542,25.38807741093562,0.4300417205610472
Platanthera hologlottis,7.697090702999542,25.38807741093562,0.4300417205610472
Platanthera chlorantha,7.7770099054712665,25.38807741093562,0.4300417205610472
Spiranthes sinensis,7.697090702999542,25.38807741093562,0.4300417205610472
Goodyera maximowicziana,7.555219542429805,26.07479553542971,0.38644465686735463
Goodyera rosulacea,7.555219542429805,26.07479553542971,0.38644465686735463
Goodyera biflora,7.555219542429805,26.07479553542971,0.38644465686735463
Goodyera velutina,7.8898480936830255,26.07479553542971,0.38086412839591693
Goodyera schlechtendaliana,7.8898480936830255,26.07479553542971,0.38086412839591693
Polygonatum thunbergii,17.48333376415367,23.856357505072562,0.26269475424357525
Polygonatum inflatum,15.048590501528224,23.454582119032164,0.26630872961501184
Polygonatum falcatum,15.048590501528224,23.454582119032164,0.26630872961501184
Polygonatum lasianthum,15.048590501528224,23.454582119032164,0.26630872961501184
Polygonatum involucratum,15.048590501528224,23.454582119032164,0.26630872961501184
Polygonatum humile,15.048590501528224,23.454582119032164,0.26630872961501184
Polygonatum sibiricum,17.48333376415367,23.856357505072562,0.26269475424357525
Polygonatum stenophyllum,17.48333376415367,23.856357505072562,0.26269475424357525
Maianthemum japonicum,26.18639343892724,23.835529549107672,0.28536681754101273
Maianthemum bifolium,26.18639343892724,23.835529549107672,0.28536681754101273
Maianthemum dilatatum,26.18639343892724,23.835529549107672,0.28536681754101273
Ophiopogon japonicus,45.589999999999996,23.835529549107672,0.28536681754101273
Ophiopogon jaburan,27.072820296933003,23.835529549107672,0.28536681754101273
Liriope platyphylla,8.516856312794737,23.73015424706841,0.1524
Liriope spicata,31.763768099999993,23.835529549107672,0.28536681754101273
Convallaria keiskei,28.06902052429275,23.835529549107672,0.28536681754101273
Asparagus oligoclonos,27.377469713908546,23.63814521873317,0.3359181740651517
Asparagus schoberioides,27.377469713908546,23.63814521873317,0.3359181740651517
Asparagus cochinchinensis,27.377469713908546,23.63814521873317,0.3359181740651517
Hosta clausa,3.798129390169399,23.48318677838742,0.30985270425285855
Hosta capitata,3.798129390169399,23.48318677838742,0.30985270425285855
Hosta minor,3.798129390169399,23.48318677838742,0.30985270425285855
Scilla scilloides,2.74,23.636666758269516,0.30501051189000616
Barnardia japonica,2.74,23.636666758269516,0.30501051189000616
Allium ochotense,4.883785673431604,23.7693819674395,0.3146214146420656
Allium taquetii,4.883785673431604,23.7693819674395,0.3146214146420656
Allium microdictyon,4.883785673431604,23.7693819674395,0.3146214146420656
Allium macrostemon,3.5793163054085637,23.620927043420423,0.3196793451006502
Allium sacculiferum,3.5793163054085637,23.7572151483975,0.30951006162160716
Allium thunbergii,3.5793163054085637,23.7572151483975,0.30951006162160716
Allium spirale,3.5234824565991065,23.620927043420423,0.3196793451006502
Allium monanthum,3.469976455405198,23.620927043420423,0.3196793451006502
Hemerocallis thunbergii,7.644673222867305,26.176207124982824,0.3375955967950054
Hemerocallis minor,6.9191542586600034,25.68050230059015,0.3278434453694325
Hemerocallis hakuunensis,6.9191542586600034,25.68050230059015,0.3278434453694325
Hemerocallis dumortieri,7.644673222867305,26.044960966333683,0.33304293743333074
Iris ruthenica,7.338387901482934,25.58207302727889,0.4030436988995744
Iris sanguinea,8.9,25.58207302727889,0.4113172026187695
Iris rossii,7.338387901482934,25.58207302727889,0.4030436988995744
Iris minutoaurea,7.617838226718733,25.626072161720106,0.418753438330866
Pennisetum alopecuroides,1.49763285024155,22.5511891105971,0.9144
Hierochloe odorata,1.0551621595224558,23.51233214491865,0.6485118270935787
Poa sphondylodes,1.044102069385534,23.51233214491865,0.6343172743179185
Poa acroleuca,1.044102069385534,23.51233214491865,0.6343172743179185
Moliniopsis japonica,1.0551621595224558,23.51233214491865,0.6485118270935787
Panicum bisulcatum,1.2984712710096602,27.920366090588892,0.4741502485484114
Eriochloa villosa,1.2984712710096602,27.920366090588892,0.4741502485484114
Setaria glauca,1.2984712710096602,27.920366090588892,0.4741502485484114
Setaria viridis,1.12398,29.744660028789095,0.49064705882352894
Echinochloa utilis,1.5188753081088955,28.603943375192568,0.5184689618753687
Echinochloa crus-galli,1.83839761904762,31.295235738696597,0.6702
Oplismenus undulatifolius,1.7204,27.848841748575037,0.325
Digitaria ciliaris,1.554283939772705,27.585072790988743,0.5059897019027253
Schizachyrium brevifolium,1.4715879557538998,19.374505781119506,0.5701877981734825
Spodiopogon sibiricus,1.19,18.776884755666252,0.5770923975658921
Spodiopogon cotulifer,1.1852185063983989,18.776884755666252,0.5770923975658921
Bothriochloa ischaemum,0.5916440127422601,16.109542412422122,0.9938596389506373
Cymbopogon goeringii,0.4572911995245651,16.181411831301823,1.1198605999782307
Themeda triandra,3.1722926523225796,22.703137696891904,0.431694117647059
Miscanthus sinensis,0.700543639291465,15.990323550988826,1.524
Miscanthus sacchariflorus,1.0478556891882442,14.665187362849304,0.667885261106415
Microstegium vimineum,0.4572911995245651,16.181411831301823,1.1198605999782307
Microstegium japonicum,0.37492,16.15571739966591,1.0712132336698048
Eulalia speciosa,0.5916440127422601,16.109542412422122,0.9938596389506373
Imperata cylindrica,0.200452716666667,17.424242424242497,1.06
Dimeria ornithopoda,0.66636339254835,18.282227273441798,0.7998816227783403
Arthraxon hispidus,1.3264748687436247,23.965270523841987,0.5435746575688908
Arundinella hirta,1.3561986299834197,24.79713871159176,0.5249422943432707
Paspalum thunbergii,1.3719726318763679,27.8916963546113,0.45931048595156976
Lophatherum gracile,0.4853607672160027,21.50372491384668,0.4348622353935781
Lophatherum sinense,0.4853607672160027,21.50372491384668,0.4348622353935781
Eleusine indica,0.402869264285714,20.3072025235632,0.270654761904762
Muhlenbergia japonica,0.453751930672755,20.66157655967182,0.43465245082495435
Cleistogenes hackelii,0.453751930672755,20.66157655967182,0.43465245082495435
Zoysia japonica,0.3823062383803747,19.51771687341875,0.6320176840156394
Eragrostis multicaulis,0.44853537554340206,20.639890652210013,0.5947302840213952
Eragrostis ferruginea,0.34,20.470834946818837,0.6064135863434614
Isachne globosa,0.6969,22.204340067879755,0.6073311285073442
Phragmites communis,0.114481379310345,14.983304614513399,1.66747806122424
Phragmites japonicus,0.3229604751251282,18.523533266670803,0.778
Phragmites australis,0.32203487581411433,18.778828933402632,0.7055839628385926
Molinia japonica,0.44853537554340206,20.743884339116928,0.5947302840213952
Festuca ovina,1.08827605848931,18.876049786382097,0.327624400825186
Festuca extremiorientalis,1.0118293293409497,16.56089451989813,0.4431429683225404
Festuca parvigluma,0.9692,16.610420028179316,0.45606172177124454
Beckmannia syzigachne,0.741505012439759,16.799515610463978,0.9144
Milium effusum,0.9032940620685007,16.742542246285,0.6045571925076573
Agrostis clavata,0.7385656932231842,16.32193149183317,0.6080894881645111
Polypogon fugax,0.7385656932231842,16.32193149183317,0.6080894881645111
Calamagrostis purpurea,0.7385656932231842,16.32193149183317,0.6080894881645111
Calamagrostis pseudophragmites,0.7385656932231842,16.32193149183317,0.6080894881645111
Calamagrostis langsdorffii,0.7385656932231842,16.32193149183317,0.6080894881645111
Calamagrostis epigejos,0.7385656932231842,16.32193149183317,0.6080894881645111
Calamagrostis arundinacea,0.425933333333333,16.593305723906404,0.744444444444444
Trisetum bifidum,1.0227784049823077,16.582254376075156,0.4431429683225404
Agropyron ciliare,2.1805449668340158,15.006359167748855,0.2943555436749381
Elymus tsukushiensis,5.38,15.73365542984047,0.12291731714285699
Bromus japonicus,2.71869333333333,10.879407923378299,0.338485714285714
Bromus remotiflorus,2.1805449668340158,15.006359167748855,0.2943555436749381
Brachypodium sylvaticum,1.915660533930508,15.32893978313875,0.2921689543597288
Diarrhena koryoensis,1.2392819853612893,15.711603181761587,0.4195399383602253
Diarrhena mandshurica,1.2392819853612893,15.711603181761587,0.4195399383602253
Diarrhena fauriei,1.2392819853612893,15.711603181761587,0.4195399383602253
Diarrhena japonica,1.2392819853612893,15.711603181761587,0.4195399383602253
Melica onoei,1.1164069024428156,16.472216557350208,0.5197399831534264
Melica nutans,1.1038928402869337,16.175254156684264,0.48796349498260355
Melica scabrosa,1.1038928402869337,16.175254156684264,0.48796349498260355
Glyceria leptolepis,1.0435760926141702,15.602836701659939,0.5603186657407442
Stipa pekinensis,0.5720492723722225,16.227319734139243,1.0112517238640488
Phaenosperma globosum,0.5917143069351983,16.55156824654442,1.1855929826324245
Sasa quelpaertensis,0.576839820754079,15.64480718340631,2.602852983818602
Sasa borealis,0.576839820754079,15.64480718340631,2.602852983818602
Sasa kurilensis,0.576839820754079,15.64480718340631,2.602852983818602
Sasa japonica,0.502592232402273,14.257257616959102,5.33333333333333
Pseudosasa japonica,0.502592232402273,14.257257616959102,5.33333333333333
Leersia japonica,0.6745992989555686,21.003487765143976,0.5093411336695638
Kyllinga brevifolia,0.37471256006113823,26.425088298529776,0.31664132753236196
Carex miyabei,0.43636723941057604,28.572513809833527,0.11974588141743799
Carex blepharicarpa,0.43636723941057604,28.572513809833527,0.11974588141743799
Carex egena,0.43636723941057604,28.572513809833527,0.11974588141743799
Carex conica,0.43636723941057604,28.572513809833527,0.11974588141743799
Carex fusanensis,0.43636723941057604,28.572513809833527,0.11974588141743799
Carex longerostrata,0.43636723941057604,28.572513809833527,0.11974588141743799
Carex kamagariensis,0.43636723941057604,28.572513809833527,0.11974588141743799
Carex pediformis,0.43636723941057604,28.572513809833527,0.11974588141743799
Carex polyschoena,0.43636723941057604,28.572513809833527,0.11974588141743799
Carex tristachya,0.43636723941057604,28.572513809833527,0.11974588141743799
Carex curaica,0.43636723941057604,28.572513809833527,0.11974588141743799
Carex alterniflora,0.43636723941057604,28.572513809833527,0.11974588141743799
Carex lenta,0.43636723941057604,28.572513809833527,0.11974588141743799
Carex fernaldiana,0.43636723941057604,28.572513809833527,0.11974588141743799
Carex gifuensis,0.43636723941057604,28.572513809833527,0.11974588141743799
Carex breviculmis,0.6415,28.564509090704686,0.057199999999999994
Carex sabynensis,0.9549256943152046,21.916057884644363,0.18477951896702852
Carex maximowiczii,0.9549256943152046,21.916057884644363,0.18477951896702852
Carex vesicaria,0.9549256943152046,22.115818114094626,0.19000719954083112
Carex forficula,0.9471158690282947,22.115818114094626,0.19000719954083112
Carex dimorpholepis,0.9471158690282947,22.115818114094626,0.19000719954083112
Carex lanceolata,1.54,15.458724569640102,0.2350528319037699
Carex japonica,1.0765768667074218,22.17291811834657,0.19123428311814214
Carex aphanolepis,1.0765768667074218,22.17291811834657,0.19123428311814214
Carex planiculmis,1.0157176089770068,21.603766848026343,0.19116985015775775
Carex dispalata,1.0157176089770068,21.629639647551382,0.19212448882215707
Carex bostrychostigma,0.9313337471679527,25.067912187207074,0.2004353944227171
Carex leiorhyncha,0.8130072072066631,30.23827617010183,0.1778348306417938
Carex neurocarpa,0.8130072072066631,30.23827617010183,0.1778348306417938
Carex laevissima,0.8166766852313917,30.10778096805389,0.1778348306417938
Carex siderosticta,0.5845335674320318,39.1306581006823,0.1816816823372472
Carex okamotoi,0.6661762660535737,31.053897917598388,0.17703188155198635
Scirpus radicans,0.2759132433449201,28.72925498299927,0.1579781400385853
Scirpus karuisawensis,0.2759132433449201,28.72925498299927,0.1579781400385853
Cyperus amuricus,0.24786487331509352,27.95684274676946,0.19495670846416346
Cyperus microiria,0.17999999999999997,27.709737665902942,0.19823188325176655
Juncus tenuis,0.4551643615360593,25.19004137695411,0.44464184231590737
Juncus decipiens,0.4551643615360593,25.19004137695411,0.44464184231590737
Luzula capitata,0.4551643615360593,25.06879099517763,0.44464184231590737
Commelina coreana,7.697600000000001,25.5139429739718,0.5968623820698309
Commelina communis,7.697600000000001,25.5139429739718,0.5968623820698309
Pollia japonica,5.133510146536281,25.77936340709495,0.5709280645565252
Murdannia keisak,5.1687815588656765,25.77936340709495,0.5709280645565252
Streptolirion volubile,5.1687815588656765,25.77936340709495,0.5709280645565252
Metanarthecium luteoviride,20.31571001193135,32.95156020191196,0.29014292335969205
Streptopus ovalis,20.31571001193135,32.95156020191196,0.29014292335969205
Streptopus koreanus,20.31571001193135,32.95156020191196,0.29014292335969205
Heloniopsis koreana,20.31571001193135,32.95156020191196,0.29014292335969205
Lilium distichum,18.133940821552894,32.857966273805616,0.3014193689834412
Lilium tsingtauense,18.133940821552894,32.857966273805616,0.3014193689834412
Lilium hansonii,18.133940821552894,32.857966273805616,0.3014193689834412
Lilium cernuum,18.133940821552894,32.857966273805616,0.3014193689834412
Lilium callosum,18.133940821552894,32.857966273805616,0.3014193689834412
Lilium amabile,18.133940821552894,32.857966273805616,0.3014193689834412
Lilium lancifolium,18.133940821552894,32.857966273805616,0.3014193689834412
Gagea nakaiana,12.58442962143311,33.11000318209405,0.3014193689834412
Lloydia triflora,12.58442962143311,33.11000318209405,0.3014193689834412
Tulipa edulis,12.58442962143311,33.11000318209405,0.3014193689834412
Erythronium japonicum,12.58442962143311,33.11000318209405,0.3014193689834412
Tricyrtis macropoda,13.534794254988343,33.132981720435176,0.3014193689834412
Clintonia udensis,13.534794254988343,33.132981720435176,0.3014193689834412
Smilax riparia,40.95000000000001,33.02330372010972,0.3031769418360545
Smilax nipponica,27.4,33.02330372010972,0.3031769418360545
Disporum sessile,19.77428772608685,32.965503362804284,0.3047884538895177
Disporum uniflorum,19.77428772608685,32.965503362804284,0.3047884538895177
Disporum smilacinum,19.77428772608685,32.965503362804284,0.3047884538895177
Disporum viridescens,19.77428772608685,32.965503362804284,0.3047884538895177
Trillium camschatcense,24.12241999545546,33.02330372010972,0.3031769418360545
Trillium tschonoskii,24.12241999545546,33.02330372010972,0.3031769418360545
Paris verticillata,20.40715055856045,32.968945040076974,0.3031769418360545
Veratrum patulum,23.833387515467113,33.02330372010972,0.3031769418360545
Veratrum oxysepalum,23.833387515467113,33.02330372010972,0.3031769418360545
Veratrum nigrum,24.12423353537677,33.02330372010972,0.3031769418360545
Veratrum maackii,24.12423353537677,33.02330372010972,0.3031769418360545
Veratrum versicolor,23.931143840838452,33.02330372010972,0.3031769418360545
Dioscorea coreana,8.62652502986563,36.811792280065774,0.35238495292943034
Dioscorea polystachya,8.62652502986563,36.811792280065774,0.35238495292943034
Dioscorea quinqueloba,8.62652502986563,36.811792280065774,0.35238495292943034
Dioscorea opposita,4.83,36.21984113,0.3087070017329866
Dioscorea japonica,8.62652502986563,36.811792280065774,0.35238495292943034
Dioscorea tenuipes,10.548516305180764,41.033298359193935,0.3409424432500494
Dioscorea tokoro,10.548516305180764,41.033298359193935,0.3409424432500494
Dioscorea quinquelobata,10.548516305180764,41.033298359193935,0.3409424432500494
Dioscorea septemloba,9.40192924565031,41.033298359193935,0.3409424432500494
Dioscorea nipponica,7.683381407505886,48.637448076,0.34220317840102565
Arisaema takesimense,11.137810935922642,35.18457706796073,0.36979271193793434
Arisaema peninsulae,20.55,34.8942527961825,0.38028135911255456
Arisaema serratum,12.317837192970282,35.54643422777492,0.3652264362522282
Arisaema ringens,12.317837192970282,35.344864952895186,0.3652264362522282
Arisaema amurense,12.317837192970282,35.344864952895186,0.3652264362522282
Arisaema thunbergii,12.092200866080924,35.16279778471417,0.3652264362522282
Arisaema heterophyllum,12.092200866080924,35.16279778471417,0.3652264362522282
Pinellia ternata,10.829764491044635,35.18457706796073,0.36979271193793434
Pinellia tripartita,10.829764491044635,35.18457706796073,0.36979271193793434
Symplocarpus nipponicus,10.239095193262417,35.15201710015752,0.38503586029724896
Symplocarpus renifolius,10.239095193262417,35.15201710015752,0.38503586029724896
Potamogeton distinctus,9.321081977759368,35.13157095640494,0.3697913794812948
Acorus calamus,3.2665803664702864,32.72972016448674,0.29419811510878224
Aristolochia contorta,2.601284710481711,38.84496474932322,0.28422251703847823
Asarum versicolor,2.744123615514374,38.82063177537908,0.28422251703847823
Asarum maculatum,2.744123615514374,38.82063177537908,0.28422251703847823
Asarum sieboldii,2.744123615514374,38.82063177537908,0.28422251703847823
Chloranthus fortunei,2.601284710481711,38.84496474932322,0.27863353944242936
Chloranthus japonicus,1.66261718117859,48.131821925,0.3002697729988729
Leptorumohra miqueliana,1.3661430008949371,27.24757719592998,0.6735012794690903
Leptorumohra borealis,1.3661430008949371,27.24757719592998,0.6735012794690903
Dryopteris maximowiczii,1.3432687595218122,26.937084495541214,0.5565432791699102
Dryopteris nipponensis,1.3432687595218122,26.937084495541214,0.5565432791699102
Dryopteris hondoensis,1.3432687595218122,26.937084495541214,0.5565432791699102
Dryopteris gymnophylla,1.3432687595218122,26.937084495541214,0.5565432791699102
Dryopteris saxifragi-varia,1.3432687595218122,26.937084495541214,0.5565432791699102
Dryopteris uniformis,1.3432687595218122,26.937084495541214,0.5565432791699102
Dryopteris monticola,1.3432687595218122,26.937084495541214,0.5565432791699102
Dryopteris parasitica,1.3432687595218122,26.937084495541214,0.5565432791699102
Dryopteris crassirhizoma,1.3432687595218122,26.937084495541214,0.5565432791699102
Dryopteris bissetiana,1.3432687595218122,26.937084495541214,0.5565432791699102
Dryopteris sacrosancta,1.3432687595218122,26.937084495541214,0.5565432791699102
Dryopteris varia,1.3432687595218122,26.937084495541214,0.5565432791699102
Dryopteris chinensis,1.3432687595218122,26.937084495541214,0.5565432791699102
Dryopteris expansa,1.3432687595218122,27.016705187121715,0.5463761547259222
Dryopteris fuscipes,1.3432687595218122,27.016705187121715,0.5463761547259222
Dryopteris erythrosora,1.3432687595218122,27.016705187121715,0.5463761547259222
Dryopteris lacera,1.3432687595218122,26.937084495541214,0.5565432791699102
Arachniodes standishii,1.2849084450706716,27.582956674129267,0.5712930988308275
Arachniodes amabilis,1.2849084450706716,27.582956674129267,0.5712930988308275
Arachniodes aristatissima,1.2849084450706716,27.582956674129267,0.5712930988308275
Polystichum craspedosorum,1.3638697349438371,27.392780705207922,0.5778434569761622
Polystichum retrosopaleaceum,1.3638697349438371,27.392780705207922,0.5778434569761622
Polystichum braunii,1.3638697349438371,27.392780705207922,0.5778434569761622
Polystichum lepidocaulon,1.3638697349438371,27.392780705207922,0.5778434569761622
Polystichum tagawanum,1.3638697349438371,27.392780705207922,0.5778434569761622
Polystichum polyblepharum,1.3638697349438371,27.392780705207922,0.5778434569761622
Polystichum tripteron,1.2849084450706716,27.582956674129267,0.5712930988308275
Cyrtomium fortunei,1.2849084450706716,27.582956674129267,0.5712930988308275
Cyrtomium falcatum,1.2849084450706716,27.582956674129267,0.5712930988308275
Pleurosoriopsis makinoi,1.3256857629349816,27.092026321503386,0.6962751388642305
Selliguea hastata,1.3256857629349816,27.092026321503386,0.6962751388642305
Lemmaphyllum microphyllum,1.3256857629349816,27.092026321503386,0.6962751388642305
Lepisorus ussuriensis,1.3661430008949371,27.24757719592998,0.6735012794690903
Lepisorus thunbergianus,1.3661430008949371,27.24757719592998,0.6735012794690903
Pyrrosia hastata,1.3661430008949371,27.24757719592998,0.6735012794690903
Pyrrosia lingua,1.3661430008949371,27.24757719592998,0.6735012794690903
Polypodium vulgare,1.3256857629349816,27.092026321503386,0.6962751388642305
Davallia mariesii,1.3205853667778364,27.092026321503386,0.7055437913594069
Nephrolepis cordifolia,1.322065119836109,27.058251735375432,0.7130213959652222
Hypodematium glanduloso-pilosum,1.1901931863046862,28.066214519466016,0.7088392497574991
Pentarhizidium orientale,1.3611319583811732,26.568702550770734,0.7903851304572062
Onoclea sensibilis,1.3611319583811732,26.568702550770734,0.7903851304572062
Matteuccia struthiopteris,1.165889863762545,27.569202203803204,0.927666666666667
Cornopteris crenulato-serrulata,1.3205853667778364,26.771611064123697,0.7766533639130592
Deparia coreana,1.4017982137973735,26.617177550918683,0.7739157170113009
Deparia japonica,1.4017982137973735,26.617177550918683,0.7739157170113009
Deparia conilii,1.4017982137973735,26.617177550918683,0.7739157170113009
Deparia pterorachis,1.4017982137973735,26.617177550918683,0.7739157170113009
Deparia pycnosora,1.4017982137973735,26.617177550918683,0.7739157170113009
Athyrium concinnum,1.3940271732369396,26.67005911854854,0.7619026013317028
Athyrium acutipinnulum,1.3940271732369396,26.67005911854854,0.7619026013317028
Athyrium iseanum,1.3940271732369396,26.67005911854854,0.7619026013317028
Athyrium alpestre,1.3940271732369396,26.67005911854854,0.7619026013317028
Athyrium sinense,1.3940271732369396,26.67005911854854,0.7619026013317028
Athyrium vidalii,1.3940271732369396,26.67005911854854,0.7619026013317028
Athyrium niponicum,1.3940271732369396,26.67005911854854,0.7619026013317028
Athyrium yokoscense,1.3940271732369396,26.67005911854854,0.7619026013317028
Diplazium mesosorum,1.3205853667778364,26.771611064123697,0.7766533639130592
Woodsia microsora,1.2733725862566148,28.24038975493028,0.6867907372573095
Woodsia manchuriensis,1.2733725862566148,28.24038975493028,0.6867907372573095
Woodsia polystichoides,1.2733725862566148,28.24038975493028,0.6867907372573095
Metathelypteris laxa,1.203695965470303,28.234711407556144,0.6981972766749225
Cyclosorus acuminatus,1.203695965470303,28.234711407556144,0.6981972766749225
Thelypteris quelpartensis,1.2733725862566148,28.24038975493028,0.6867907372573095
Thelypteris beddomei,1.2733725862566148,28.24038975493028,0.6867907372573095
Thelypteris glanduligera,1.2733725862566148,28.24038975493028,0.6867907372573095
Thelypteris japonica,1.2733725862566148,28.24038975493028,0.6867907372573095
Thelypteris palustris,1.2485304875414136,30.199999999999992,0.655384615384615
Phegopteris decursive-pinnata,1.203695965470303,28.234711407556144,0.6964023974627127
Phegopteris connectilis,1.203695965470303,28.234711407556144,0.6964023974627127
Gymnocarpium dryopteris,1.3512370489316858,27.48231348333643,0.7035343897855652
Asplenium pekinense,1.855707479234888,26.508607466544344,0.6338340695591865
Asplenium ruprechtii,1.8406934385315759,26.48524361501866,0.6498907585560617
Asplenium incisum,1.8406934385315759,26.48524361501866,0.6498907585560617
Sphenomeris chinensis,2.1642633589692,26.13018229400172,0.38500469442878826
Dennstaedtia hirsuta,2.1642633589692,26.13018229400172,0.3852154455230161
Dennstaedtia wilfordii,2.1642633589692,26.13018229400172,0.3852154455230161
Hypolepis punctata,2.1642633589692,26.13018229400172,0.3852154455230161
Coniogramme intermedia,2.1759684867512,25.8994698440596,0.3859651869773592
Cheilanthes argentea,2.1759684867512,25.8994698440596,0.3859651869773592
Pteris multifida,2.1759684867512,25.8994698440596,0.3859651869773592
Odontosoria chinensis,2.341477535650902,26.187126101069786,0.36291461289143356
Plagiogyria euphlebia,3.0979920329897057,25.95730241081012,0.40727561675180174
Lygodium japonicum,2.945053497499118,26.588132539011866,0.39724287221075755
Dicranopteris linearis,2.8413267954024253,25.352178556601604,0.4156896964291365
Osmunda claytoniana,3.018489208985521,25.006805686407105,0.448043149851076
Osmunda cinnamomea,3.144315512550412,24.025960640808865,0.65544
Osmunda japonica,3.018489208985521,25.006805686407105,0.448043149851076
Equisetum hyemale,2.550066041394123,23.940793152743243,0.3926651450746234
Equisetum arvense,1.8910612583731279,15.973072363944796,0.26162989010989
Botrychium virginianum,3.1284859733572374,29.875208001483383,0.3252994301826274
Botrychium robustum,3.1284859733572374,29.875208001483383,0.3252994301826274
Botrychium japonicum,3.1284859733572374,29.875208001483383,0.3252994301826274
Botrychium ternatum,3.1284859733572374,29.875208001483383,0.3252994301826274
Huperzia miyoshiana,3.3621872907237833,39.29821674746201,0.2905992774653271
Huperzia serrata,3.3621872907237833,39.29821674746201,0.2905992774653271
Selaginella rossii,2.981725732468191,39.10522128872686,0.2916106490926877
Selaginella involvens,2.981725732468191,39.10522128872686,0.2916106490926877
Selaginella tamariscina,2.981725732468191,39.10522128872686,0.2916106490926877
